{
    "0": [
        8.121666666666664,
        13.996666666666668
    ],
    "1": [
        10.081105990783408,
        9.562672811059906
    ],
    "2": [
        6.364090909090909,
        12.947727272727272
    ],
    "3": [
        6.738235294117648,
        13.180882352941179
    ],
    "4": [
        10.342702702702702,
        13.629729729729728
    ],
    "5": [
        6.4911627906976745,
        12.733953488372093
    ],
    "6": [
        8.082631578947368,
        14.31157894736842
    ],
    "7": [
        10.354891304347827,
        9.58532608695652
    ],
    "8": [
        7.855737704918033,
        14.921311475409835
    ],
    "9": [
        8.004807692307692,
        11.537019230769229
    ],
    "10": [
        7.5317460317460325,
        14.544444444444444
    ],
    "11": [
        7.333170731707318,
        13.595121951219511
    ],
    "12": [
        6.735078534031413,
        11.571204188481675
    ],
    "13": [
        10.399999999999999,
        12.666666666666668
    ],
    "14": [
        10.083823529411763,
        12.523529411764706
    ],
    "15": [
        8.629787234042553,
        12.288829787234041
    ],
    "16": [
        8.784324324324324,
        12.994054054054056
    ],
    "17": [
        7.535384615384614,
        13.316923076923077
    ],
    "18": [
        8.353266331658292,
        13.153266331658292
    ],
    "19": [
        8.372727272727273,
        12.060287081339713
    ],
    "20": [
        9.3,
        10.797209302325582
    ],
    "21": [
        9.457142857142857,
        12.45079365079365
    ],
    "22": [
        8.17663043478261,
        14.170108695652175
    ],
    "23": [
        8.375879396984923,
        15.985929648241205
    ],
    "24": [
        8.935514018691588,
        16.49579439252336
    ],
    "25": [
        9.119021739130433,
        21.92282608695652
    ],
    "26": [
        8.056451612903226,
        16.91774193548387
    ],
    "27": [
        9.740201005025124,
        15.679899497487439
    ],
    "28": [
        8.232596685082871,
        18.653038674033144
    ],
    "29": [
        8.722388059701492,
        15.674626865671641
    ],
    "30": [
        11.152534562211983,
        7.555299539170506
    ],
    "31": [
        9.104545454545454,
        16.709090909090904
    ],
    "32": [
        7.420197044334976,
        4.683251231527093
    ],
    "33": [
        8.3925,
        5.1255
    ],
    "34": [
        10.236619718309859,
        5.335211267605633
    ],
    "35": [
        8.212698412698412,
        5.612698412698413
    ],
    "36": [
        9.437837837837836,
        5.268648648648648
    ],
    "37": [
        9.852307692307692,
        5.512307692307692
    ],
    "38": [
        8.62112676056338,
        4.802816901408451
    ],
    "39": [
        10.242857142857142,
        4.542857142857143
    ],
    "40": [
        8.383870967741935,
        4.825806451612904
    ],
    "41": [
        7.624999999999999,
        4.833333333333332
    ],
    "42": [
        10.78211009174312,
        4.943119266055046
    ],
    "43": [
        8.100000000000001,
        4.4820652173913045
    ],
    "44": [
        7.9125,
        4.0305
    ],
    "45": [
        6.2717277486911,
        5.615183246073299
    ],
    "46": [
        9.802702702702701,
        5.062702702702703
    ],
    "47": [
        12.025668449197859,
        4.479144385026738
    ],
    "48": [
        13.428333333333331,
        4.63
    ],
    "49": [
        6.833181818181818
    ],
    "50": [
        9.179716981132076
    ],
    "51": [
        6.797695852534562
    ],
    "52": [
        8.790865384615385
    ],
    "53": [
        10.554146341463413
    ],
    "54": [
        9.11189189189189
    ],
    "55": [
        7.190673575129534
    ],
    "56": [
        8.767164179104476
    ],
    "57": [
        7.809230769230767
    ],
    "58": [
        8.168372093023256
    ],
    "59": [
        7.860621761658032
    ],
    "60": [
        10.03678756476684
    ],
    "61": [
        10.273953488372094
    ],
    "62": [
        7.857575757575757
    ],
    "63": [
        9.336125654450262
    ],
    "64": [
        7.054891304347827
    ],
    "65": [
        11.455909090909088
    ],
    "66": [
        9.0945
    ],
    "67": [
        10.00655737704918
    ],
    "68": [
        9.905479452054793
    ],
    "69": [
        9.889005235602095
    ],
    "70": [
        10.019072164948453
    ],
    "71": [
        10.12303664921466
    ],
    "72": [
        9.645588235294118
    ],
    "73": [
        8.642079207920792
    ],
    "74": [
        10.088571428571427
    ],
    "75": [
        8.549246231155779
    ],
    "76": [
        6.595774647887323
    ],
    "77": [
        9.530541871921184
    ],
    "78": [
        10.21459459459459
    ],
    "79": [
        8.167980295566503
    ],
    "80": [
        8.534862385321102
    ],
    "81": [
        9.995081967213114
    ],
    "82": [
        9.245901639344261
    ],
    "83": [
        6.995454545454545
    ],
    "84": [
        8.031219512195122
    ],
    "85": [
        8.319339622641508
    ],
    "86": [
        11.1255
    ],
    "87": [
        10.760091743119267
    ],
    "88": [
        9.283823529411766
    ],
    "89": [
        8.246231155778895
    ],
    "90": [
        7.87536231884058
    ],
    "91": [
        11.410606060606062
    ],
    "92": [
        11.99344262295082
    ],
    "93": [
        9.850230414746543
    ],
    "94": [
        9.348484848484848
    ],
    "95": [
        12.28069306930693
    ],
    "96": [
        9.1005
    ],
    "97": [
        9.228640776699029
    ],
    "98": [
        7.304854368932039
    ],
    "99": [
        11.298895027624312
    ],
    "100": [
        12.202659574468083
    ],
    "101": [
        7.7857819905213255
    ],
    "102": [
        13.421666666666667
    ],
    "103": [
        10.02994652406417
    ],
    "104": [
        10.81135135135135
    ],
    "105": [
        11.991666666666667
    ],
    "106": [
        9.591262135922332
    ],
    "107": [
        13.22780487804878
    ],
    "108": [
        10.310232558139536
    ],
    "109": [
        12.448387096774194
    ],
    "110": [
        10.413333333333334
    ],
    "111": [
        11.229
    ],
    "112": [
        7.983333333333333
    ],
    "113": [
        10.953456221198156
    ],
    "114": [
        11.977894736842105
    ],
    "115": [
        13.10909090909091
    ],
    "116": [
        11.625824175824174
    ],
    "117": [
        13.310204081632653
    ],
    "118": [
        11.165
    ],
    "119": [
        12.898351648351646
    ],
    "120": [
        9.815068493150683
    ],
    "121": [
        11.553296703296706
    ],
    "122": [
        11.494660194174758
    ],
    "123": [
        12.478021978021978
    ],
    "124": [
        10.155154639175258
    ],
    "125": [
        13.455502392344496
    ],
    "126": [
        10.848165137614679
    ],
    "127": [
        12.338095238095239
    ],
    "128": [
        10.790909090909091
    ],
    "129": [
        10.639336492890996
    ],
    "130": [
        12.57512195121951
    ],
    "131": [
        14.009999999999998
    ],
    "132": [
        12.098591549295774
    ],
    "133": [
        10.554929577464788
    ],
    "134": [
        14.1753488372093
    ],
    "135": [
        11.427014218009479
    ],
    "136": [
        8.127014218009478
    ],
    "137": [
        12.37
    ],
    "138": [
        13.417297297297296
    ],
    "139": [
        13.209782608695651
    ],
    "140": [
        11.556818181818182
    ],
    "141": [
        13.519024390243901
    ],
    "142": [
        11.97910447761194
    ],
    "143": [
        14.95979381443299
    ],
    "144": [
        8.804109589041097
    ],
    "145": [
        10.556682027649769
    ],
    "146": [
        13.243478260869566
    ],
    "147": [
        11.778712871287127
    ],