{
    "0": [
        8.790000000000001,
        13.216000000000001,
        15.536333333333332
    ],
    "1": [
        10.435023041474652,
        10.440552995391705,
        14.056313364055303
    ],
    "2": [
        6.061090909090908,
        12.128727272727273,
        15.086454545454545
    ],
    "3": [
        7.611176470588235,
        14.258235294117647,
        15.524705882352936
    ],
    "4": [
        7.355027027027027,
        12.395351351351351,
        15.920432432432431
    ],
    "5": [
        6.5818604651162795,
        8.423162790697674,
        13.798883720930231
    ],
    "6": [
        8.67821052631579,
        9.001894736842104,
        15.679578947368421
    ],
    "7": [
        9.237391304347826,
        12.702717391304345,
        14.118586956521737
    ],
    "8": [
        10.100983606557378,
        15.470163934426228,
        16.591475409836065
    ],
    "9": [
        8.635961538461537,
        16.846730769230767,
        13.682884615384614
    ],
    "10": [
        7.894603174603175,
        10.704761904761904,
        13.551746031746031
    ],
    "11": [
        8.608682926829268,
        15.715024390243903,
        18.256390243902437
    ],
    "12": [
        7.243664921465968,
        11.381151832460732,
        16.98848167539267
    ],
    "13": [
        7.490303030303031,
        12.547878787878785,
        15.143333333333333
    ],
    "14": [
        6.777058823529411,
        11.280294117647056,
        15.219411764705882
    ],
    "15": [
        5.915425531914893,
        11.759680851063829,
        14.06425531914894
    ],
    "16": [
        9.859459459459458,
        11.969513513513514,
        16.961837837837837
    ],
    "17": [
        9.820923076923078,
        11.757538461538461,
        15.15323076923077
    ],
    "18": [
        8.633969849246228,
        13.500904522613064,
        15.025025125628138
    ],
    "19": [
        7.0303349282296645,
        12.187464114832537,
        15.386124401913875
    ],
    "20": [
        11.88,
        12.387627906976745,
        13.700093023255814
    ],
    "21": [
        8.364444444444445,
        11.880634920634918,
        12.938412698412696
    ],
    "22": [
        8.340326086956521,
        14.400978260869564,
        18.17576086956522
    ],
    "23": [
        7.950452261306532,
        11.549246231155779,
        15.35457286432161
    ],
    "24": [
        5.706728971962616,
        14.247196261682241,
        13.50448598130841
    ],
    "25": [
        7.221521739130436,
        13.140978260869563,
        14.038369565217389
    ],
    "26": [
        12.863548387096774,
        9.160322580645161,
        16.110967741935482
    ],
    "27": [
        7.588341708542712,
        13.570854271356787,
        12.869547738693468
    ],
    "28": [
        11.728176795580112,
        10.994585635359114,
        16.75060773480663
    ],
    "29": [
        9.205074626865672,
        14.273134328358209,
        14.986268656716415
    ],
    "30": [
        9.9221198156682,
        13.004239631336405,
        15.648663594470046
    ],
    "31": [
        9.746969696969696,
        11.937575757575758,
        14.722424242424243
    ],
    "32": [
        10.283645320197044,
        14.411822660098519,
        14.537733990147785
    ],
    "33": [
        9.6498,
        16.622700000000002,
        15.055800000000003
    ],
    "34": [
        10.043098591549295,
        11.00281690140845,
        15.303380281690139
    ],
    "35": [
        11.227619047619044,
        13.517777777777775,
        15.167936507936508
    ],
    "36": [
        10.462054054054054,
        11.368216216216217,
        14.918270270270268
    ],
    "37": [
        11.287999999999998,
        17.403384615384617,
        16.80461538461538
    ],
    "38": [
        8.779154929577466,
        10.674366197183096,
        15.549859154929576
    ],
    "39": [
        9.482222222222221,
        14.506666666666664,
        15.817460317460318
    ],
    "40": [
        11.753225806451614,
        13.162903225806453,
        15.466451612903228
    ],
    "41": [
        12.140666666666666,
        17.919666666666664,
        14.709333333333332
    ],
    "42": [
        11.861559633027522,
        15.185504587155965,
        16.706972477064216
    ],
    "43": [
        12.021847826086958,
        12.426521739130434,
        12.99521739130435
    ],
    "44": [
        12.567899999999998,
        14.169599999999999,
        12.4281
    ],
    "45": [
        7.55717277486911,
        12.629528795811517,
        13.486178010471201
    ],
    "46": [
        10.994918918918922,
        19.41891891891892,
        14.596864864864862
    ],
    "47": [
        13.802887700534757,
        12.888128342245986,
        12.396256684491977
    ],
    "48": [
        9.880333333333331,
        12.959333333333333,
        13.346666666666666
    ],
    "49": [
        9.53590909090909,
        13.023
    ],
    "50": [
        9.891792452830188,
        14.262169811320753
    ],
    "51": [
        10.93327188940092,
        13.019170506912445
    ],
    "52": [
        10.151250000000001,
        14.38875
    ],
    "53": [
        12.826243902439025,
        14.933560975609751
    ],
    "54": [
        11.303027027027024,
        14.355891891891895
    ],
    "55": [
        11.65554404145078,
        11.94621761658031
    ],
    "56": [
        9.316119402985073,
        15.005671641791043
    ],
    "57": [
        8.738153846153846,
        13.454153846153845
    ],
    "58": [
        10.097581395348838,
        11.841488372093025
    ],
    "59": [
        10.850984455958548,
        13.258445595854923
    ],
    "60": [
        10.928082901554404,
        11.978549222797927
    ],
    "61": [
        11.262976744186046,
        17.279720930232557
    ],
    "62": [
        11.689090909090908,
        12.007878787878786
    ],
    "63": [
        8.312356020942408,
        13.949214659685865
    ],
    "64": [
        14.890760869565215,
        16.62032608695652
    ],
    "65": [
        14.303999999999998,
        14.99918181818182
    ],
    "66": [
        10.677899999999998,
        15.9144
    ],
    "67": [
        14.40229508196721,
        15.081967213114753
    ],
    "68": [
        10.457260273972603,
        12.44849315068493
    ],
    "69": [
        13.065863874345549,
        13.109214659685863
    ],
    "70": [
        13.238659793814433,
        14.31340206185567
    ],
    "71": [
        14.571832460732985,
        15.584607329842932
    ],
    "72": [
        12.242941176470588,
        17.92529411764706
    ],
    "73": [
        9.80019801980198,
        15.294356435643563
    ],
    "74": [
        8.918285714285714,
        16.47285714285714
    ],
    "75": [
        11.911356783919597,
        14.548040201005024
    ],
    "76": [
        12.472112676056339,
        13.583380281690141
    ],
    "77": [
        9.42206896551724,
        16.854679802955662
    ],
    "78": [
        9.168972972972973,
        13.731567567567563
    ],
    "79": [
        10.39064039408867,
        12.604137931034481
    ],
    "80": [
        12.210275229357798,
        17.106330275229357
    ],
    "81": [
        8.544590163934426,
        13.568196721311478
    ],
    "82": [
        16.291475409836064,
        13.918032786885243
    ],
    "83": [
        10.62030303030303,
        13.238787878787878
    ],
    "84": [
        12.141365853658536,
        12.858146341463417
    ],
    "85": [
        11.54943396226415,
        13.743962264150943
    ],
    "86": [
        11.8839,
        13.843800000000002
    ],
    "87": [
        11.068623853211006,
        14.103027522935779
    ],
    "88": [
        11.282941176470587,
        14.018823529411765
    ],
    "89": [
        9.506231155778895,
        13.030251256281407
    ],
    "90": [
        13.767536231884058,
        14.933333333333334
    ],