{
    "0": [
        8.852333333333332,
        14.659333333333334
    ],
    "1": [
        6.0771428571428565,
        13.753271889400922
    ],
    "2": [
        6.719999999999998,
        17.839909090909085
    ],
    "3": [
        8.386176470588236,
        15.080882352941176
    ],
    "4": [
        10.450378378378378,
        16.645297297297297
    ],
    "5": [
        6.3407441860465115,
        13.57786046511628
    ],
    "6": [
        7.617473684210526,
        14.351684210526315
    ],
    "7": [
        8.078478260869565,
        14.560108695652175
    ],
    "8": [
        7.1088524590163935,
        15.504918032786886
    ],
    "9": [
        5.8964423076923085,
        13.678846153846152
    ],
    "10": [
        9.678412698412698,
        11.966031746031748
    ],
    "11": [
        8.74478048780488,
        16.47219512195122
    ],
    "12": [
        10.791204188481673,
        14.938429319371728
    ],
    "13": [
        9.055151515151515,
        14.946060606060607
    ],
    "14": [
        11.167941176470586,
        16.074411764705882
    ],
    "15": [
        10.138085106382977,
        13.05255319148936
    ],
    "16": [
        11.88745945945946,
        16.508432432432436
    ],
    "17": [
        6.904923076923076,
        11.363076923076923
    ],
    "18": [
        9.118492462311558,
        17.456984924623114
    ],
    "19": [
        6.926985645933016,
        15.904019138755983
    ],
    "20": [
        6.979813953488373,
        15.395162790697672
    ],
    "21": [
        8.442539682539682,
        14.32126984126984
    ],
    "22": [
        14.082065217391303,
        16.75141304347826
    ],
    "23": [
        8.375879396984924,
        14.461507537688446
    ],
    "24": [
        6.345420560747664,
        11.955420560747662
    ],
    "25": [
        12.422934782608696,
        16.33923913043478
    ],
    "26": [
        9.73,
        14.486129032258063
    ],
    "27": [
        10.07246231155779,
        15.271055276381912
    ],
    "28": [
        9.83270718232044,
        16.085966850828726
    ],
    "29": [
        11.241791044776118,
        14.695522388059702
    ],
    "30": [
        9.184147465437787,
        13.04405529953917
    ],
    "31": [
        10.615151515151517,
        13.522424242424245
    ],
    "32": [
        11.144039408866993,
        16.24433497536946
    ],
    "33": [
        9.995399999999998,
        15.4917
    ],
    "34": [
        8.940845070422537,
        15.674366197183097
    ],
    "35": [
        10.84031746031746,
        14.448253968253969
    ],
    "36": [
        8.198918918918919,
        15.549405405405404
    ],
    "37": [
        11.624923076923077,
        15.050769230769227
    ],
    "38": [
        8.096901408450703,
        16.156338028169014
    ],
    "39": [
        11.43015873015873,
        15.038730158730157
    ],
    "40": [
        9.490322580645161,
        16.23
    ],
    "41": [
        10.234333333333332,
        14.395333333333332
    ],
    "42": [
        10.564128440366972,
        14.19440366972477
    ],
    "43": [
        8.903152173913043,
        13.674456521739131
    ],
    "44": [
        11.7723,
        14.961899999999996
    ],
    "45": [
        9.461151832460732,
        13.851518324607328
    ],
    "46": [
        10.873945945945946,
        15.068432432432433
    ],
    "47": [
        11.237967914438503,
        14.084598930481285
    ],
    "48": [
        8.26,
        14.533666666666663
    ],
    "49": [
        6.9594545454545464
    ],
    "50": [
        8.202735849056603
    ],
    "51": [
        11.567004608294932
    ],
    "52": [
        12.656826923076924
    ],
    "53": [
        10.961853658536587
    ],
    "54": [
        11.998702702702703
    ],
    "55": [
        11.044041450777204
    ],
    "56": [
        11.001194029850746
    ],
    "57": [
        10.234461538461536
    ],
    "58": [
        13.886232558139533
    ],
    "59": [
        9.47782383419689
    ],
    "60": [
        9.993264248704664
    ],
    "61": [
        12.244744186046512
    ],
    "62": [
        13.403333333333332
    ],
    "63": [
        9.166178010471205
    ],
    "64": [
        12.255652173913044
    ],
    "65": [
        13.508727272727272
    ],
    "66": [
        13.4052
    ],
    "67": [
        14.799344262295085
    ],
    "68": [
        13.307671232876714
    ],
    "69": [
        11.49738219895288
    ],
    "70": [
        11.923298969072166
    ],
    "71": [
        12.858219895287956
    ],
    "72": [
        9.062941176470588
    ],
    "73": [
        12.411980198019801
    ],
    "74": [
        10.634
    ],
    "75": [
        12.722713567839198
    ],
    "76": [
        11.121408450704225
    ],
    "77": [
        14.173004926108371
    ],
    "78": [
        12.891891891891891
    ],
    "79": [
        7.506206896551724
    ],
    "80": [
        12.38504587155963
    ],
    "81": [
        13.96983606557377
    ],
    "82": [
        13.212131147540983
    ],
    "83": [
        10.66909090909091
    ],
    "84": [
        9.613463414634145
    ],
    "85": [
        11.465943396226415
    ],
    "86": [
        11.1312
    ],
    "87": [
        13.539908256880732
    ],
    "88": [
        15.181764705882353
    ],
    "89": [
        10.754773869346733
    ],
    "90": [
        11.92086956521739
    ],
    "91": [
        15.048484848484847
    ],
    "92": [
        12.648196721311473
    ],
    "93": [
        11.802857142857142
    ],
    "94": [
        13.163939393939394
    ],
    "95": [
        12.558118811881188
    ],
    "96": [
        11.7042
    ],
    "97": [
        10.996893203883495
    ],
    "98": [
        10.59873786407767
    ],
    "99": [
        13.412817679558012
    ],
    "100": [
        12.812872340425532
    ],
    "101": [
        15.271848341232225
    ],
    "102": [
        15.495
    ],
    "103": [
        12.33754010695187
    ],
    "104": [
        19.328108108108104
    ],
    "105": [
        12.569999999999999
    ],
    "106": [
        13.830582524271843
    ],
    "107": [
        14.51619512195122
    ],
    "108": [
        11.668186046511625
    ],
    "109": [
        15.793225806451613
    ],
    "110": [
        12.957
    ],
    "111": [
        11.9835
    ],
    "112": [
        11.720277777777774
    ],
    "113": [
        12.590046082949307
    ],
    "114": [
        11.939684210526316
    ],
    "115": [
        12.462121212121215
    ],
    "116": [
        12.91912087912088
    ],
    "117": [
        12.671020408163264
    ],
    "118": [
        17.583000000000002
    ],
    "119": [
        16.48978021978022
    ],
    "120": [
        9.64849315068493
    ],
    "121": [
        14.980879120879122
    ],
    "122": [
        11.69242718446602
    ],
    "123": [
        14.279010989010988
    ],
    "124": [
        15.826391752577319
    ],
    "125": [
        14.046889952153109
    ],
    "126": [
        14.758623853211006
    ],
    "127": [
        14.461269841269841
    ],
    "128": [
        11.280606060606061
    ],
    "129": [
        14.183601895734597
    ],
    "130": [
        15.585658536585365
    ],
    "131": [
        13.891714285714285
    ],
    "132": [
        13.379154929577467
    ],
    "133": [
        10.890140845070423
    ],
    "134": [
        12.992651162790699
    ],
    "135": [
        13.701327014218007
    ],
    "136": [
        12.961706161137439
    ],
    "137": [
        14.274000000000001
    ],
    "138": [
        14.497297297297298
    ],
    "139": [
        16.21728260869565
    ],
    "140": [
        13.434545454545452
    ],
    "141": [
        16.206439024390242
    ],
    "142": [
        12.614328358208956
    ],
    "143": [
        12.172577319587628
    ],
    "144": [
        11.27178082191781
    ],
    "145": [
        13.01142857142857
    ],
    "146": [
        11.909565217391306
    ],