{
    "0": [
        13.265640000000001,
        28.28508
    ],
    "1": [
        18.726,
        30.365279999999995
    ],
    "2": [
        13.334520000000001,
        32.43204
    ],
    "3": [
        14.887559999999999,
        25.20192
    ],
    "4": [
        14.380199999999999,
        27.974159999999998
    ],
    "5": [
        14.41992,
        28.999079999999996
    ],
    "6": [
        19.4544,
        26.4264
    ],
    "7": [
        16.590120000000002,
        26.420279999999995
    ],
    "8": [
        19.051560000000002,
        26.567040000000002
    ],
    "9": [
        20.13072,
        24.91704
    ],
    "10": [
        13.815119999999999,
        25.637999999999998
    ],
    "11": [
        18.17616,
        27.50676
    ],
    "12": [
        21.185760000000002,
        28.496039999999997
    ],
    "13": [
        20.98968,
        23.919240000000002
    ],
    "14": [
        16.72116,
        29.00724
    ],
    "15": [
        15.6864,
        25.342079999999996
    ],
    "16": [
        17.801639999999995,
        28.940879999999993
    ],
    "17": [
        16.41192,
        26.19276
    ],
    "18": [
        20.80044,
        26.42772
    ],
    "19": [
        21.106079999999995,
        27.425159999999998
    ],
    "20": [
        15.865079999999999,
        33.02184
    ],
    "21": [
        16.509,
        25.22004
    ],
    "22": [
        16.6812,
        26.769119999999997
    ],
    "23": [
        19.80528,
        26.608079999999998
    ],
    "24": [
        13.50384,
        26.10456
    ],
    "25": [
        17.91348,
        25.76364
    ],
    "26": [
        22.28736,
        27.028679999999998
    ],
    "27": [
        18.8112,
        28.23348
    ],
    "28": [
        17.89224,
        23.896319999999996
    ],
    "29": [
        17.05452,
        27.077399999999997
    ],
    "30": [
        12.7476,
        27.110279999999996
    ],
    "31": [
        19.205039999999993,
        30.199559999999998
    ],
    "32": [
        21.52356,
        25.36848
    ],
    "33": [
        17.05476,
        30.112799999999996
    ],
    "34": [
        21.853199999999998,
        29.23608
    ],
    "35": [
        14.042400000000002,
        27.304199999999998
    ],
    "36": [
        18.67512,
        29.029799999999998
    ],
    "37": [
        17.35764,
        33.8892
    ],
    "38": [
        21.65532,
        31.965959999999995
    ],
    "39": [
        21.60492,
        27.93828
    ],
    "40": [
        21.783,
        25.084439999999997
    ],
    "41": [
        18.522,
        22.454399999999993
    ],
    "42": [
        19.506600000000002,
        27.687119999999997
    ],
    "43": [
        23.88348,
        26.150280000000006
    ],
    "44": [
        18.68676,
        26.08404
    ],
    "45": [
        20.897640000000003,
        24.566279999999995
    ],
    "46": [
        20.97144,
        27.3108
    ],
    "47": [
        19.126079999999998,
        24.240359999999995
    ],
    "48": [
        17.082720000000002,
        25.923000000000002
    ],
    "49": [
        23.7216
    ],
    "50": [
        21.075480000000002
    ],
    "51": [
        19.249079999999996
    ],
    "52": [
        21.424079999999996
    ],
    "53": [
        22.576800000000002
    ],
    "54": [
        19.060919999999996
    ],
    "55": [
        19.85844
    ],
    "56": [
        18.407400000000003
    ],
    "57": [
        22.666679999999996
    ],
    "58": [
        20.850479999999997
    ],
    "59": [
        19.7232
    ],
    "60": [
        18.898799999999998
    ],
    "61": [
        20.19768
    ],
    "62": [
        19.93512
    ],
    "63": [
        20.1624
    ],
    "64": [
        28.48512
    ],
    "65": [
        25.5402
    ],
    "66": [
        17.55492
    ],
    "67": [
        19.422839999999997
    ],
    "68": [
        17.18328
    ],
    "69": [
        19.58688
    ],
    "70": [
        22.59648
    ],
    "71": [
        27.249119999999994
    ],
    "72": [
        21.37836
    ],
    "73": [
        21.1128
    ],
    "74": [
        20.865959999999998
    ],
    "75": [
        16.67832
    ],
    "76": [
        23.7396
    ],
    "77": [
        22.353839999999998
    ],
    "78": [
        15.667559999999998
    ],
    "79": [
        25.759680000000003
    ],
    "80": [
        27.534000000000002
    ],
    "81": [
        24.38724
    ],
    "82": [
        22.928519999999995
    ],
    "83": [
        24.394319999999993
    ],
    "84": [
        21.637679999999996
    ],
    "85": [
        28.145759999999996
    ],
    "86": [
        27.450000000000003
    ],
    "87": [
        23.01816
    ],
    "88": [
        25.32012
    ],
    "89": [
        23.342039999999997
    ],
    "90": [
        20.664119999999997
    ],
    "91": [
        24.566760000000002
    ],
    "92": [
        21.34872
    ],
    "93": [
        26.530799999999996
    ],
    "94": [
        22.446959999999994
    ],
    "95": [
        24.04116
    ],
    "96": [
        23.858159999999998
    ],
    "97": [
        22.59504
    ],
    "98": [
        19.853639999999995
    ],
    "99": [
        22.0368
    ],
    "100": [
        26.105880000000003
    ],
    "101": [
        25.1658
    ],
    "102": [
        24.691079999999996
    ],
    "103": [
        21.1254
    ],
    "104": [
        22.05768
    ],
    "105": [
        23.213399999999993
    ],
    "106": [
        25.817040000000002
    ],
    "107": [
        19.49016
    ],
    "108": [
        28.4712
    ],
    "109": [
        25.25748
    ],
    "110": [
        25.620359999999998
    ],
    "111": [
        24.62808
    ],
    "112": [
        25.931160000000002
    ],
    "113": [
        28.76004
    ],
    "114": [
        24.033599999999993
    ],
    "115": [
        19.83612
    ],
    "116": [
        23.70528
    ],
    "117": [
        29.13852
    ],
    "118": [
        26.788440000000005
    ],
    "119": [
        28.05588
    ],
    "120": [
        27.14808
    ],
    "121": [
        26.634960000000003
    ],
    "122": [
        30.712080000000004
    ],
    "123": [
        31.775039999999997
    ],
    "124": [
        27.86712
    ],
    "125": [
        26.920920000000002
    ],
    "126": [
        26.54436
    ],
    "127": [
        27.773279999999993
    ],
    "128": [
        24.31476
    ],
    "129": [
        23.475479999999997
    ],
    "130": [
        25.72608
    ],
    "131": [
        27.137039999999995
    ],
    "132": [
        24.99912
    ],
    "133": [
        28.28904
    ],
    "134": [
        28.99128
    ],
    "135": [
        26.832480000000007
    ],
    "136": [
        32.666399999999996
    ],
    "137": [
        30.35544
    ],
    "138": [
        24.520680000000002
    ],
    "139": [
        25.3764
    ],
    "140": [
        25.286880000000004
    ],
    "141": [
        31.332479999999997
    ],
    "142": [
        32.41464
    ],
    "143": [
        26.663640000000004
    ],
    "144": [
        29.693039999999996
    ],
    "145": [
        29.065679999999997
    ],
    "146": [
        26.10527999999999
    ],
    "147": [
        28.65156
    ],
    "148": [
        25.2216
    ],
    "149": [
        29.91
    ],
    "150": [
        25.925279999999997
    ],
    "151": [
        27.033
    ],
    "152": [
        28.075799999999997
    ],
    "153": [
        28.943039999999996
    ],
    "154": [
        23.83524
    ],
    "155": [
        28.224719999999998
    ],
    "156": [
        25.301520000000007
    ],
    "157": [
        30.483959999999996
    ],
    "158": [
        31.86852
    ],
    "159": [
        24.759959999999992
    ],
    "160": [
        28.839960000000005
    ],
    "161": [
        24.936239999999998
    ],
    "162": [
        27.61812
    ],
    "163": [
        28.883399999999998
    ],
    "164": [
        26.5404
    ],
    "165": [
        24.45048
    ],