{
    "0": [
        7.896333333333333,
        14.820999999999998
    ],
    "1": [
        7.476497695852533,
        7.065622119815668
    ],
    "2": [
        7.134818181818181,
        16.069636363636363
    ],
    "3": [
        8.630588235294116,
        12.938235294117648
    ],
    "4": [
        7.438702702702704,
        10.896324324324326
    ],
    "5": [
        8.69860465116279,
        6.093767441860464
    ],
    "6": [
        6.3966315789473684,
        8.164105263157893
    ],
    "7": [
        8.97586956521739,
        14.980434782608693
    ],
    "8": [
        7.285573770491803,
        7.676065573770491
    ],
    "9": [
        5.866442307692308,
        8.226634615384615
    ],
    "10": [
        7.982857142857141,
        8.892698412698412
    ],
    "11": [
        5.504487804878049,
        6.63570731707317
    ],
    "12": [
        7.81130890052356,
        9.637696335078536
    ],
    "13": [
        8.032727272727275,
        7.423939393939394
    ],
    "14": [
        6.9744117647058825,
        6.966176470588234
    ],
    "15": [
        6.902234042553191,
        7.262872340425531
    ],
    "16": [
        9.69535135135135,
        7.046918918918919
    ],
    "17": [
        6.779384615384614,
        6.210153846153846
    ],
    "18": [
        10.392060301507536,
        6.503517587939698
    ],
    "19": [
        6.908899521531101,
        6.143253588516747
    ],
    "20": [
        6.970604651162791,
        10.278418604651163
    ],
    "21": [
        6.521269841269842,
        12.619365079365082
    ],
    "22": [
        8.980760869565218,
        8.820000000000002
    ],
    "23": [
        8.33608040201005,
        13.053768844221105
    ],
    "24": [
        6.282897196261683,
        13.175327102803736
    ],
    "25": [
        7.71358695652174,
        16.602065217391303
    ],
    "26": [
        6.419354838709677,
        16.421290322580646
    ],
    "27": [
        6.077185929648242,
        7.991758793969849
    ],
    "28": [
        6.897016574585635,
        8.659226519337016
    ],
    "29": [
        5.995820895522388,
        6.661492537313431
    ],
    "30": [
        7.032718894009216,
        7.191152073732718
    ],
    "31": [
        7.316060606060606,
        7.596060606060606
    ],
    "32": [
        9.687192118226601,
        18.0951724137931
    ],
    "33": [
        7.7247,
        7.649099999999999
    ],
    "34": [
        6.465352112676056,
        8.176619718309858
    ],
    "35": [
        7.643809523809524,
        7.647619047619049
    ],
    "36": [
        6.476108108108108,
        8.878054054054052
    ],
    "37": [
        7.4738461538461545,
        11.386769230769229
    ],
    "38": [
        6.99774647887324,
        8.202816901408449
    ],
    "39": [
        8.445396825396823,
        8.482857142857142
    ],
    "40": [
        6.57516129032258,
        7.448709677419354
    ],
    "41": [
        9.198999999999998,
        8.848333333333334
    ],
    "42": [
        6.185779816513761,
        7.0029357798165135
    ],
    "43": [
        8.592391304347826,
        8.595652173913042
    ],
    "44": [
        8.711400000000001,
        7.6749
    ],
    "45": [
        8.750261780104712,
        8.098115183246072
    ],
    "46": [
        9.96389189189189,
        8.158702702702707
    ],
    "47": [
        5.242459893048128,
        7.59946524064171
    ],
    "48": [
        7.9463333333333335,
        7.7410000000000005
    ],
    "49": [
        5.9345454545454555
    ],
    "50": [
        5.369999999999999
    ],
    "51": [
        6.0199078341013825
    ],
    "52": [
        8.61923076923077
    ],
    "53": [
        5.505951219512196
    ],
    "54": [
        6.6554594594594585
    ],
    "55": [
        6.647253886010362
    ],
    "56": [
        7.303582089552238
    ],
    "57": [
        6.830153846153847
    ],
    "58": [
        6.459348837209302
    ],
    "59": [
        9.50642487046632
    ],
    "60": [
        6.847461139896371
    ],
    "61": [
        9.490604651162792
    ],
    "62": [
        6.176666666666667
    ],
    "63": [
        6.971937172774869
    ],
    "64": [
        5.871847826086957
    ],
    "65": [
        6.580909090909089
    ],
    "66": [
        5.9853
    ],
    "67": [
        8.696721311475411
    ],
    "68": [
        5.135616438356164
    ],
    "69": [
        6.813298429319372
    ],
    "70": [
        11.825876288659796
    ],
    "71": [
        7.85434554973822
    ],
    "72": [
        8.84
    ],
    "73": [
        5.99049504950495
    ],
    "74": [
        8.334
    ],
    "75": [
        7.8515577889447234
    ],
    "76": [
        9.396901408450704
    ],
    "77": [
        6.708768472906403
    ],
    "78": [
        4.9572972972972975
    ],
    "79": [
        6.513694581280788
    ],
    "80": [
        7.232201834862384
    ],
    "81": [
        7.614098360655737
    ],
    "82": [
        6.794426229508197
    ],
    "83": [
        7.143636363636364
    ],
    "84": [
        6.6228292682926835
    ],
    "85": [
        4.644905660377358
    ],
    "86": [
        7.1526
    ],
    "87": [
        5.796605504587157
    ],
    "88": [
        5.936764705882353
    ],
    "89": [
        5.680402010050251
    ],
    "90": [
        5.6985507246376805
    ],
    "91": [
        9.634848484848485
    ],
    "92": [
        8.06983606557377
    ],
    "93": [
        8.595760368663594
    ],
    "94": [
        5.080606060606061
    ],
    "95": [
        6.6558415841584155
    ],
    "96": [
        5.7284999999999995
    ],
    "97": [
        8.410776699029125
    ],
    "98": [
        6.497766990291262
    ],
    "99": [
        6.483314917127071
    ],
    "100": [
        5.633617021276597
    ],
    "101": [
        6.709478672985782
    ],
    "102": [
        11.315999999999999
    ],
    "103": [
        7.315187165775401
    ],
    "104": [
        4.591783783783784
    ],
    "105": [
        5.355666666666666
    ],
    "106": [
        5.282912621359224
    ],
    "107": [
        5.5161951219512195
    ],
    "108": [
        5.008186046511627
    ],
    "109": [
        6.836129032258064
    ],
    "110": [
        6.900666666666666
    ],
    "111": [
        5.8473
    ],
    "112": [
        5.8772222222222235
    ],
    "113": [
        7.4604608294930905
    ],
    "114": [
        7.778210526315791
    ],
    "115": [
        8.10090909090909
    ],
    "116": [
        8.033736263736262
    ],
    "117": [
        10.477040816326529
    ],
    "118": [
        8.130333333333333
    ],
    "119": [
        8.232857142857144
    ],
    "120": [
        6.984657534246575
    ],
    "121": [
        12.405494505494504
    ],
    "122": [
        5.722135922330097
    ],
    "123": [
        8.025164835164833
    ],
    "124": [
        8.592680412371134
    ],
    "125": [
        9.618086124401913
    ],
    "126": [
        11.570917431192662
    ],
    "127": [
        8.17047619047619
    ],
    "128": [
        8.045454545454547
    ],
    "129": [
        10.528720379146922
    ],
    "130": [
        11.21590243902439
    ],
    "131": [
        9.795714285714286
    ],
    "132": [
        10.06056338028169
    ],
    "133": [
        8.716056338028169
    ],
    "134": [
        8.809953488372095
    ],
    "135": [
        8.947109004739337
    ],
    "136": [
        8.702843601895736
    ],
    "137": [
        5.391714285714285
    ],
    "138": [
        10.582702702702703
    ],
    "139": [
        8.967391304347826
    ],
    "140": [
        7.927636363636365
    ],
    "141": [
        7.3478048780487795
    ],
    "142": [
        5.507462686567164
    ],
    "143": [
        6.836907216494844
    ],
    "144": [
        7.454246575342466
    ],
    "145": [
        5.349953917050691
    ],
    "146": [
        13.21217391304348
    ],
    "147": [
        8.653069306930693
    ],