{
    "0": [
        6.834999999999999,
        13.443333333333332
    ],
    "1": [
        6.637327188940092,
        10.13225806451613
    ],
    "2": [
        8.618181818181819,
        11.663181818181817
    ],
    "3": [
        6.727941176470587,
        11.96176470588235
    ],
    "4": [
        10.532432432432433,
        13.628108108108107
    ],
    "5": [
        7.491627906976745,
        13.317209302325582
    ],
    "6": [
        9.009473684210526,
        12.729473684210525
    ],
    "7": [
        7.997282608695652,
        13.077717391304349
    ],
    "8": [
        8.134426229508195,
        11.403278688524589
    ],
    "9": [
        7.735096153846155,
        9.6
    ],
    "10": [
        7.196825396825396,
        10.926984126984125
    ],
    "11": [
        7.009756097560976,
        13.908292682926827
    ],
    "12": [
        6.579581151832462,
        12.471204188481675
    ],
    "13": [
        7.666666666666665,
        10.09090909090909
    ],
    "14": [
        10.87794117647059,
        10.341176470588234
    ],
    "15": [
        6.501063829787235,
        11.013829787234044
    ],
    "16": [
        7.971891891891893,
        13.042702702702702
    ],
    "17": [
        6.683076923076922,
        11.790769230769232
    ],
    "18": [
        8.089447236180904,
        12.964824120603016
    ],
    "19": [
        6.033014354066985,
        13.31052631578947
    ],
    "20": [
        7.853023255813953,
        13.227906976744189
    ],
    "21": [
        8.68095238095238,
        14.606349206349204
    ],
    "22": [
        10.425,
        12.507065217391304
    ],
    "23": [
        7.534673366834172,
        11.314070351758795
    ],
    "24": [
        5.8626168224299064,
        10.683644859813086
    ],
    "25": [
        7.830978260869566,
        17.30869565217391
    ],
    "26": [
        6.090322580645161,
        11.350000000000001
    ],
    "27": [
        6.871356783919598,
        14.185929648241203
    ],
    "28": [
        11.003867403314917,
        12.237016574585633
    ],
    "29": [
        6.761194029850747,
        11.929850746268654
    ],
    "30": [
        6.45069124423963,
        11.6073732718894
    ],
    "31": [
        8.054545454545455,
        12.186363636363637
    ],
    "32": [
        7.863546798029556,
        11.544827586206894
    ],
    "33": [
        5.9025,
        12.558000000000002
    ],
    "34": [
        7.88169014084507,
        13.478873239436622
    ],
    "35": [
        6.776190476190475,
        14.134920634920634
    ],
    "36": [
        8.13081081081081,
        13.884324324324322
    ],
    "37": [
        9.466153846153846,
        12.435384615384619
    ],
    "38": [
        7.390140845070423,
        12.301408450704226
    ],
    "39": [
        9.495238095238097,
        14.425396825396824
    ],
    "40": [
        10.341935483870968,
        11.85483870967742
    ],
    "41": [
        6.743333333333331,
        13.3
    ],
    "42": [
        6.483027522935779,
        11.52935779816514
    ],
    "43": [
        5.706521739130433,
        16.545652173913044
    ],
    "44": [
        6.936,
        12.2805
    ],
    "45": [
        7.030366492146597,
        13.440314136125656
    ],
    "46": [
        6.7216216216216225,
        11.586486486486484
    ],
    "47": [
        8.045454545454545,
        12.102673796791443
    ],
    "48": [
        8.588333333333335,
        11.064999999999998
    ],
    "49": [
        6.912272727272727
    ],
    "50": [
        9.291509433962263
    ],
    "51": [
        5.76774193548387
    ],
    "52": [
        8.050961538461536
    ],
    "53": [
        8.647317073170733
    ],
    "54": [
        6.655135135135134
    ],
    "55": [
        6.108808290155441
    ],
    "56": [
        8.361194029850747
    ],
    "57": [
        7.863076923076923
    ],
    "58": [
        7.119069767441861
    ],
    "59": [
        8.501036269430053
    ],
    "60": [
        6.354404145077719
    ],
    "61": [
        8.786511627906975
    ],
    "62": [
        7.081818181818183
    ],
    "63": [
        8.06701570680628
    ],
    "64": [
        7.288043478260869
    ],
    "65": [
        5.963181818181817
    ],
    "66": [
        7.668000000000001
    ],
    "67": [
        7.416393442622948
    ],
    "68": [
        8.453424657534246
    ],
    "69": [
        6.832460732984294
    ],
    "70": [
        9.774742268041237
    ],
    "71": [
        6.477486910994765
    ],
    "72": [
        8.524999999999999
    ],
    "73": [
        9.102475247524751
    ],
    "74": [
        9.21142857142857
    ],
    "75": [
        8.297487437185929
    ],
    "76": [
        6.905633802816901
    ],
    "77": [
        7.916748768472907
    ],
    "78": [
        6.12972972972973
    ],
    "79": [
        5.287684729064038
    ],
    "80": [
        6.778899082568807
    ],
    "81": [
        7.49672131147541
    ],
    "82": [
        6.385245901639344
    ],
    "83": [
        9.945454545454544
    ],
    "84": [
        6.3409756097560965
    ],
    "85": [
        5.496226415094339
    ],
    "86": [
        8.363999999999999
    ],
    "87": [
        8.755045871559632
    ],
    "88": [
        8.245588235294116
    ],
    "89": [
        8.42110552763819
    ],
    "90": [
        4.885507246376812
    ],
    "91": [
        7.3136363636363635
    ],
    "92": [
        5.962295081967213
    ],
    "93": [
        6.427188940092165
    ],
    "94": [
        6.389393939393938
    ],
    "95": [
        7.13910891089109
    ],
    "96": [
        7.343999999999999
    ],
    "97": [
        6.604368932038834
    ],
    "98": [
        7.329611650485435
    ],
    "99": [
        9.04806629834254
    ],
    "100": [
        7.042021276595743
    ],
    "101": [
        6.8772511848341225
    ],
    "102": [
        7.693333333333334
    ],
    "103": [
        7.373262032085561
    ],
    "104": [
        5.612432432432433
    ],
    "105": [
        6.456666666666665
    ],
    "106": [
        7.115533980582523
    ],
    "107": [
        8.148292682926828
    ],
    "108": [
        7.405116279069765
    ],
    "109": [
        6.77258064516129
    ],
    "110": [
        7.198333333333332
    ],
    "111": [
        6.927
    ],
    "112": [
        8.152777777777777
    ],
    "113": [
        6.522580645161289
    ],
    "114": [
        6.685263157894736
    ],
    "115": [
        7.184848484848486
    ],
    "116": [
        10.061538461538463
    ],
    "117": [
        5.93265306122449
    ],
    "118": [
        7.159999999999999
    ],
    "119": [
        7.043406593406592
    ],
    "120": [
        5.672602739726029
    ],
    "121": [
        7.391208791208791
    ],
    "122": [
        6.329126213592233
    ],
    "123": [
        7.262637362637362
    ],
    "124": [
        8.18041237113402
    ],
    "125": [
        9.842583732057417
    ],
    "126": [
        6.586238532110092
    ],
    "127": [
        7.260317460317459
    ],
    "128": [
        5.872727272727273
    ],
    "129": [
        5.172511848341234
    ],
    "130": [
        5.4278048780487795
    ],
    "131": [
        5.471428571428571
    ],
    "132": [
        6.312676056338028
    ],
    "133": [
        7.588732394366198
    ],
    "134": [
        7.615813953488373
    ],
    "135": [
        6.668246445497631
    ],
    "136": [
        6.036966824644549
    ],
    "137": [
        7.599999999999999
    ],
    "138": [
        7.5291891891891884
    ],
    "139": [
        8.236956521739131
    ],
    "140": [
        6.285
    ],
    "141": [
        7.595121951219512
    ],
    "142": [
        7.473134328358209
    ],
    "143": [
        7.145876288659793
    ],
    "144": [
        5.710958904109589
    ],
    "145": [
        6.752073732718895
    ],
    "146": [
        7.143478260869564
    ],
    "147": [
        7.136138613861387
    ],