{
    "0": [
        12.470639999999998,
        23.405399999999993
    ],
    "1": [
        17.80764,
        20.980560000000004
    ],
    "2": [
        21.58416,
        28.70892
    ],
    "3": [
        17.5716,
        25.482000000000003
    ],
    "4": [
        12.908159999999999,
        20.56716
    ],
    "5": [
        13.365960000000003,
        25.1154
    ],
    "6": [
        16.0104,
        20.4642
    ],
    "7": [
        12.07056,
        21.17844
    ],
    "8": [
        15.948839999999997,
        22.319399999999998
    ],
    "9": [
        14.8968,
        25.05156
    ],
    "10": [
        16.52508,
        26.3712
    ],
    "11": [
        14.544359999999998,
        21.569879999999998
    ],
    "12": [
        16.386000000000003,
        21.507119999999997
    ],
    "13": [
        17.72412,
        22.082160000000002
    ],
    "14": [
        18.606959999999997,
        23.652600000000003
    ],
    "15": [
        18.35172,
        24.05508
    ],
    "16": [
        19.31544,
        22.513439999999996
    ],
    "17": [
        14.15052,
        24.438959999999998
    ],
    "18": [
        15.11892,
        21.305999999999997
    ],
    "19": [
        18.754199999999997,
        25.776960000000006
    ],
    "20": [
        16.8402,
        23.891880000000004
    ],
    "21": [
        18.994559999999996,
        20.577839999999995
    ],
    "22": [
        16.86228,
        20.32356
    ],
    "23": [
        16.975920000000002,
        25.727399999999996
    ],
    "24": [
        20.55924,
        22.629240000000003
    ],
    "25": [
        21.71916,
        22.555799999999998
    ],
    "26": [
        14.26848,
        23.56284
    ],
    "27": [
        16.89408,
        24.244799999999998
    ],
    "28": [
        18.540839999999996,
        24.103920000000002
    ],
    "29": [
        15.197999999999997,
        21.36012
    ],
    "30": [
        18.461159999999996,
        28.63044
    ],
    "31": [
        21.715439999999997,
        24.340799999999998
    ],
    "32": [
        16.89072,
        22.155479999999997
    ],
    "33": [
        16.803240000000002,
        26.525640000000003
    ],
    "34": [
        21.692879999999995,
        30.35772
    ],
    "35": [
        14.94168,
        21.661559999999998
    ],
    "36": [
        17.482799999999997,
        24.291959999999996
    ],
    "37": [
        18.19284,
        20.728559999999995
    ],
    "38": [
        18.44976,
        23.606519999999996
    ],
    "39": [
        19.319159999999997,
        19.65468
    ],
    "40": [
        19.12104,
        24.71256
    ],
    "41": [
        15.53808,
        23.04696
    ],
    "42": [
        18.225599999999996,
        22.210919999999994
    ],
    "43": [
        19.01436,
        20.399879999999996
    ],
    "44": [
        21.325319999999994,
        23.256840000000004
    ],
    "45": [
        17.13612,
        21.313319999999997
    ],
    "46": [
        21.74364,
        25.970879999999994
    ],
    "47": [
        19.538759999999996,
        22.22448
    ],
    "48": [
        16.1358,
        26.154239999999998
    ],
    "49": [
        20.828039999999998
    ],
    "50": [
        17.95848
    ],
    "51": [
        17.025720000000003
    ],
    "52": [
        18.963119999999996
    ],
    "53": [
        17.806680000000004
    ],
    "54": [
        19.066799999999997
    ],
    "55": [
        18.66408
    ],
    "56": [
        16.776719999999997
    ],
    "57": [
        16.972199999999997
    ],
    "58": [
        22.44648
    ],
    "59": [
        20.282280000000004
    ],
    "60": [
        18.7962
    ],
    "61": [
        19.97124
    ],
    "62": [
        21.31272
    ],
    "63": [
        15.288599999999999
    ],
    "64": [
        15.73992
    ],
    "65": [
        18.352559999999997
    ],
    "66": [
        19.00404
    ],
    "67": [
        19.769399999999997
    ],
    "68": [
        20.79636
    ],
    "69": [
        21.695639999999997
    ],
    "70": [
        19.72272
    ],
    "71": [
        20.65716
    ],
    "72": [
        21.16728
    ],
    "73": [
        19.90536
    ],
    "74": [
        21.182999999999996
    ],
    "75": [
        19.142039999999998
    ],
    "76": [
        23.873160000000002
    ],
    "77": [
        21.10464
    ],
    "78": [
        20.70192
    ],
    "79": [
        18.87096
    ],
    "80": [
        19.898159999999997
    ],
    "81": [
        17.42124
    ],
    "82": [
        20.78076
    ],
    "83": [
        19.96548
    ],
    "84": [
        19.04316
    ],
    "85": [
        19.387439999999998
    ],
    "86": [
        20.449439999999996
    ],
    "87": [
        24.18036
    ],
    "88": [
        21.012960000000007
    ],
    "89": [
        22.14792
    ],
    "90": [
        18.73884
    ],
    "91": [
        21.888479999999994
    ],
    "92": [
        26.76732
    ],
    "93": [
        22.45176
    ],
    "94": [
        21.83928
    ],
    "95": [
        20.700599999999998
    ],
    "96": [
        19.12824
    ],
    "97": [
        22.1142
    ],
    "98": [
        21.71604
    ],
    "99": [
        22.957319999999996
    ],
    "100": [
        24.685200000000002
    ],
    "101": [
        22.694640000000003
    ],
    "102": [
        21.394560000000002
    ],
    "103": [
        20.192639999999997
    ],
    "104": [
        16.825200000000002
    ],
    "105": [
        24.36144
    ],
    "106": [
        19.47852
    ],
    "107": [
        21.512399999999996
    ],
    "108": [
        26.36124
    ],
    "109": [
        24.63
    ],
    "110": [
        26.030279999999998
    ],
    "111": [
        23.18688
    ],
    "112": [
        22.309079999999994
    ],
    "113": [
        23.704559999999997
    ],
    "114": [
        18.57936
    ],
    "115": [
        21.03888
    ],
    "116": [
        24.447840000000003
    ],
    "117": [
        24.32604
    ],
    "118": [
        25.234799999999993
    ],
    "119": [
        20.15796
    ],
    "120": [
        24.292559999999998
    ],
    "121": [
        23.164679999999997
    ],
    "122": [
        24.55956
    ],
    "123": [
        25.941119999999998
    ],
    "124": [
        19.70184
    ],
    "125": [
        26.002079999999996
    ],
    "126": [
        20.817239999999998
    ],
    "127": [
        21.7152
    ],
    "128": [
        24.398159999999997
    ],
    "129": [
        21.38484
    ],
    "130": [
        22.605359999999997
    ],
    "131": [
        23.11056
    ],
    "132": [
        25.34304
    ],
    "133": [
        27.66936
    ],
    "134": [
        22.578599999999998
    ],
    "135": [
        21.08016
    ],
    "136": [
        22.706400000000002
    ],
    "137": [
        29.07023999999999
    ],
    "138": [
        22.478520000000003
    ],
    "139": [
        22.679999999999996
    ],
    "140": [
        25.886880000000005
    ],
    "141": [
        28.315200000000004
    ],
    "142": [
        30.177000000000003
    ],
    "143": [
        21.97368
    ],
    "144": [
        24.780959999999997
    ],
    "145": [
        23.19635999999999
    ],
    "146": [
        23.876999999999995
    ],
    "147": [
        20.337480000000003
    ],
    "148": [
        26.727960000000003
    ],
    "149": [
        28.331039999999998
    ],
    "150": [
        26.266920000000002
    ],
    "151": [
        22.364999999999995
    ],
    "152": [
        22.881720000000005
    ],
    "153": [
        23.95992
    ],
    "154": [
        20.932439999999996
    ],
    "155": [
        21.63588
    ],
    "156": [
        22.79844
    ],
    "157": [
        24.30084
    ],
    "158": [
        24.753
    ],
    "159": [
        21.48492
    ],
    "160": [
        27.08736
    ],
    "161": [
        24.53208
    ],
    "162": [
        22.93692
    ],
    "163": [
        22.20216
    ],
    "164": [
        21.048720000000003
    ],