{
    "0": [
        17.218560000000004,
        38.19948
    ],
    "1": [
        13.736279999999999,
        41.931960000000004
    ],
    "2": [
        20.89452,
        42.18768
    ],
    "3": [
        20.6856,
        39.69395999999999
    ],
    "4": [
        15.47268,
        40.04088
    ],
    "5": [
        15.034439999999996,
        41.27004
    ],
    "6": [
        27.70092,
        34.233959999999996
    ],
    "7": [
        21.250079999999997,
        35.22971999999999
    ],
    "8": [
        23.9214,
        35.46336
    ],
    "9": [
        17.17776,
        41.9688
    ],
    "10": [
        17.5218,
        31.777559999999998
    ],
    "11": [
        18.016560000000002,
        39.3528
    ],
    "12": [
        16.56036,
        41.26776
    ],
    "13": [
        16.59708,
        40.0506
    ],
    "14": [
        19.91988,
        39.492239999999995
    ],
    "15": [
        20.829359999999998,
        34.21704
    ],
    "16": [
        16.827119999999997,
        40.29936
    ],
    "17": [
        15.254879999999998,
        34.678560000000004
    ],
    "18": [
        21.09864,
        37.022400000000005
    ],
    "19": [
        26.154480000000003,
        44.21099999999999
    ],
    "20": [
        18.716639999999998,
        38.82768
    ],
    "21": [
        16.813679999999998,
        35.64972
    ],
    "22": [
        23.51544,
        40.65707999999999
    ],
    "23": [
        19.06596,
        44.6862
    ],
    "24": [
        36.45252,
        38.224799999999995
    ],
    "25": [
        23.22012,
        43.38936
    ],
    "26": [
        22.5048,
        37.17228
    ],
    "27": [
        24.89184,
        36.55704
    ],
    "28": [
        18.84612,
        39.85536
    ],
    "29": [
        27.392039999999994,
        43.77612
    ],
    "30": [
        26.341559999999998,
        42.96516
    ],
    "31": [
        21.12408,
        39.99108
    ],
    "32": [
        24.54048,
        42.663239999999995
    ],
    "33": [
        21.83304,
        41.81052
    ],
    "34": [
        24.097559999999998,
        39.48696
    ],
    "35": [
        19.74756,
        36.50808
    ],
    "36": [
        22.3818,
        38.880959999999995
    ],
    "37": [
        22.287119999999998,
        44.505959999999995
    ],
    "38": [
        27.41556,
        41.95728
    ],
    "39": [
        21.121799999999997,
        39.4098
    ],
    "40": [
        18.40164,
        35.30352
    ],
    "41": [
        24.703079999999996,
        34.75644
    ],
    "42": [
        33.78948,
        44.32608
    ],
    "43": [
        21.6768,
        34.97495999999999
    ],
    "44": [
        25.84908,
        40.86504
    ],
    "45": [
        21.87216,
        31.841759999999997
    ],
    "46": [
        27.414359999999995,
        36.75156
    ],
    "47": [
        24.329639999999998,
        31.9428
    ],
    "48": [
        20.431319999999996,
        33.531240000000004
    ],
    "49": [
        29.113199999999996
    ],
    "50": [
        23.08824
    ],
    "51": [
        32.35403999999999
    ],
    "52": [
        31.5438
    ],
    "53": [
        34.019639999999995
    ],
    "54": [
        31.59024
    ],
    "55": [
        31.94784
    ],
    "56": [
        22.98876
    ],
    "57": [
        20.49132
    ],
    "58": [
        27.37728
    ],
    "59": [
        30.0432
    ],
    "60": [
        22.65336
    ],
    "61": [
        37.034760000000006
    ],
    "62": [
        30.461399999999994
    ],
    "63": [
        25.140479999999997
    ],
    "64": [
        31.97184
    ],
    "65": [
        41.45568
    ],
    "66": [
        23.7516
    ],
    "67": [
        22.58411999999999
    ],
    "68": [
        37.49616
    ],
    "69": [
        30.518639999999998
    ],
    "70": [
        27.71352
    ],
    "71": [
        26.41608
    ],
    "72": [
        36.417959999999994
    ],
    "73": [
        36.58812
    ],
    "74": [
        34.04556
    ],
    "75": [
        39.04727999999999
    ],
    "76": [
        26.642159999999997
    ],
    "77": [
        33.770399999999995
    ],
    "78": [
        33.82416
    ],
    "79": [
        29.161920000000002
    ],
    "80": [
        37.5246
    ],
    "81": [
        31.503479999999996
    ],
    "82": [
        30.702479999999998
    ],
    "83": [
        28.12176
    ],
    "84": [
        40.627559999999995
    ],
    "85": [
        24.67932
    ],
    "86": [
        35.824439999999996
    ],
    "87": [
        25.501199999999997
    ],
    "88": [
        33.539519999999996
    ],
    "89": [
        34.802279999999996
    ],
    "90": [
        28.96332
    ],
    "91": [
        39.3654
    ],
    "92": [
        25.209
    ],
    "93": [
        31.785000000000004
    ],
    "94": [
        35.51207999999999
    ],
    "95": [
        36.88727999999999
    ],
    "96": [
        27.590399999999995
    ],
    "97": [
        28.557360000000003
    ],
    "98": [
        34.96716
    ],
    "99": [
        38.999039999999994
    ],
    "100": [
        30.072840000000003
    ],
    "101": [
        34.95312
    ],
    "102": [
        39.71556000000001
    ],
    "103": [
        35.7636
    ],
    "104": [
        36.22188
    ],
    "105": [
        31.84188
    ],
    "106": [
        38.44716
    ],
    "107": [
        39.90107999999999
    ],
    "108": [
        36.30672
    ],
    "109": [
        42.060959999999994
    ],
    "110": [
        32.016839999999995
    ],
    "111": [
        35.75556
    ],
    "112": [
        40.48788
    ],
    "113": [
        43.514880000000005
    ],
    "114": [
        41.473440000000004
    ],
    "115": [
        38.91912
    ],
    "116": [
        36.63636
    ],
    "117": [
        39.517799999999994
    ],
    "118": [
        32.93855999999999
    ],
    "119": [
        39.50795999999999
    ],
    "120": [
        40.384679999999996
    ],
    "121": [
        40.49508
    ],
    "122": [
        39.09516
    ],
    "123": [
        37.88063999999999
    ],
    "124": [
        36.4368
    ],
    "125": [
        38.52072
    ],
    "126": [
        36.99948
    ],
    "127": [
        40.25364
    ],
    "128": [
        36.178560000000004
    ],
    "129": [
        39.90107999999999
    ],
    "130": [
        41.020199999999996
    ],
    "131": [
        45.41843999999999
    ],
    "132": [
        38.183519999999994
    ],
    "133": [
        42.977639999999994
    ],
    "134": [
        39.638999999999996
    ],
    "135": [
        37.26227999999999
    ],
    "136": [
        40.5426
    ],
    "137": [
        41.6106
    ],
    "138": [
        40.13868
    ],
    "139": [
        38.70312
    ],
    "140": [
        42.71196
    ],
    "141": [
        39.31776
    ],
    "142": [
        41.03472
    ],
    "143": [
        36.16704
    ],
    "144": [
        40.55040000000001
    ],
    "145": [
        36.888360000000006
    ],
    "146": [
        38.921279999999996
    ],
    "147": [
        41.745
    ],
    "148": [
        37.89552
    ],
    "149": [
        47.85636
    ],
    "150": [
        38.25587999999999
    ],
    "151": [
        38.86343999999999
    ],
    "152": [
        37.8288
    ],
    "153": [
        38.58059999999999
    ],
    "154": [
        44.53884
    ],
    "155": [
        37.7832
    ],
    "156": [
        34.498439999999995
    ],
    "157": [
        42.90431999999999
    ],
    "158": [
        39.634679999999996
    ],
    "159": [
        38.48532
    ],
    "160": [
        39.70703999999999
    ],
    "161": [
        33.364560000000004
    ],
    "162": [
        38.383919999999996
    ],
    "163": [
        43.15895999999999
    ],
    "164": [
        33.71676
    ],
    "165": [
        38.89608
    ],
    "166": [
        36.523199999999996
    ],
    "167": [
        34.49868
    ],
    "168": [
        36.66768
    ],
    "169": [
        40.065000000000005
    ],