{
    "0": [
        11.95236,
        37.59648
    ],
    "1": [
        17.502119999999998,
        39.80615999999999
    ],
    "2": [
        17.358719999999998,
        49.82664
    ],
    "3": [
        15.179759999999998,
        42.93228
    ],
    "4": [
        17.590440000000005,
        38.386799999999994
    ],
    "5": [
        22.966920000000002,
        44.81868
    ],
    "6": [
        19.003680000000003,
        39.35291999999999
    ],
    "7": [
        16.88076,
        35.56872
    ],
    "8": [
        20.26296,
        36.07907999999999
    ],
    "9": [
        15.253319999999999,
        42.36576
    ],
    "10": [
        16.46808,
        32.49252
    ],
    "11": [
        24.22704,
        39.94524
    ],
    "12": [
        28.595159999999996,
        40.783319999999996
    ],
    "13": [
        21.73068,
        41.01744000000001
    ],
    "14": [
        24.55284,
        39.75419999999999
    ],
    "15": [
        23.12844,
        32.73156
    ],
    "16": [
        20.28732,
        41.15867999999999
    ],
    "17": [
        21.39864,
        34.65444
    ],
    "18": [
        25.777440000000002,
        38.7138
    ],
    "19": [
        18.77376,
        42.862919999999995
    ],
    "20": [
        26.57568,
        44.94
    ],
    "21": [
        15.480359999999997,
        35.39688
    ],
    "22": [
        32.824079999999995,
        39.89340000000001
    ],
    "23": [
        22.19292,
        43.70604
    ],
    "24": [
        17.79312,
        35.91383999999999
    ],
    "25": [
        19.958039999999997,
        44.00772
    ],
    "26": [
        21.266519999999996,
        36.8712
    ],
    "27": [
        22.333559999999995,
        36.20663999999999
    ],
    "28": [
        21.91152,
        38.71812
    ],
    "29": [
        30.363239999999998,
        43.27296
    ],
    "30": [
        15.098639999999996,
        43.159679999999994
    ],
    "31": [
        14.147040000000004,
        39.704519999999995
    ],
    "32": [
        39.269999999999996,
        43.25544
    ],
    "33": [
        17.350440000000003,
        41.98656
    ],
    "34": [
        32.64684,
        42.043440000000004
    ],
    "35": [
        24.517199999999995,
        33.25608
    ],
    "36": [
        16.053959999999996,
        29.338559999999998
    ],
    "37": [
        32.4552,
        30.7632
    ],
    "38": [
        19.16628,
        37.563
    ],
    "39": [
        29.023919999999997,
        15.709679999999999
    ],
    "40": [
        24.96732,
        11.952479999999998
    ],
    "41": [
        16.66716,
        12.971039999999999
    ],
    "42": [
        25.22784,
        13.846200000000001
    ],
    "43": [
        16.71456,
        12.18732
    ],
    "44": [
        17.239559999999997,
        13.86792
    ],
    "45": [
        26.66064,
        11.7618
    ],
    "46": [
        34.92576,
        13.20612
    ],
    "47": [
        25.5594,
        12.53988
    ],
    "48": [
        27.318239999999996,
        12.46656
    ],
    "49": [
        32.98644
    ],
    "50": [
        27.840959999999995
    ],
    "51": [
        31.184639999999998
    ],
    "52": [
        35.226839999999996
    ],
    "53": [
        35.47991999999999
    ],
    "54": [
        30.89508
    ],
    "55": [
        34.62504
    ],
    "56": [
        29.089199999999998
    ],
    "57": [
        23.937119999999997
    ],
    "58": [
        32.87496
    ],
    "59": [
        28.90284
    ],
    "60": [
        23.099879999999995
    ],
    "61": [
        31.49928
    ],
    "62": [
        29.446199999999994
    ],
    "63": [
        23.305079999999997
    ],
    "64": [
        25.2108
    ],
    "65": [
        27.933
    ],
    "66": [
        27.80424
    ],
    "67": [
        33.797039999999996
    ],
    "68": [
        35.55648000000001
    ],
    "69": [
        28.156800000000004
    ],
    "70": [
        32.80536
    ],
    "71": [
        31.828799999999998
    ],
    "72": [
        30.35472
    ],
    "73": [
        27.782159999999998
    ],
    "74": [
        35.64204
    ],
    "75": [
        36.19884
    ],
    "76": [
        35.010479999999994
    ],
    "77": [
        30.8112
    ],
    "78": [
        31.775519999999997
    ],
    "79": [
        34.41636
    ],
    "80": [
        45.04739999999999
    ],
    "81": [
        32.52648
    ],
    "82": [
        29.444039999999994
    ],
    "83": [
        32.65008
    ],
    "84": [
        34.746599999999994
    ],
    "85": [
        31.158720000000002
    ],
    "86": [
        39.865199999999994
    ],
    "87": [
        38.65716
    ],
    "88": [
        25.3872
    ],
    "89": [
        21.639239999999997
    ],
    "90": [
        38.72436
    ],
    "91": [
        37.3764
    ],
    "92": [
        36.9828
    ],
    "93": [
        35.65104
    ],
    "94": [
        34.69344
    ],
    "95": [
        39.82283999999999
    ],
    "96": [
        34.2018
    ],
    "97": [
        32.72028
    ],
    "98": [
        36.07152
    ],
    "99": [
        35.61972
    ],
    "100": [
        37.66224
    ],
    "101": [
        40.38419999999999
    ],
    "102": [
        36.5322
    ],
    "103": [
        36.053639999999994
    ],
    "104": [
        30.70416
    ],
    "105": [
        28.675079999999994
    ],
    "106": [
        40.94135999999999
    ],
    "107": [
        33.2202
    ],
    "108": [
        38.44836
    ],
    "109": [
        42.76764
    ],
    "110": [
        35.4744
    ],
    "111": [
        34.5138
    ],
    "112": [
        41.78783999999999
    ],
    "113": [
        41.73084
    ],
    "114": [
        39.098639999999996
    ],
    "115": [
        35.8326
    ],
    "116": [
        36.126839999999994
    ],
    "117": [
        36.60611999999999
    ],
    "118": [
        31.98756
    ],
    "119": [
        38.463480000000004
    ],
    "120": [
        42.045
    ],
    "121": [
        39.38184
    ],
    "122": [
        38.89416
    ],
    "123": [
        35.456039999999994
    ],
    "124": [
        40.647
    ],
    "125": [
        44.85756
    ],
    "126": [
        41.060759999999995
    ],
    "127": [
        39.38819999999999
    ],
    "128": [
        36.9252
    ],
    "129": [
        38.75039999999999
    ],
    "130": [
        44.22083999999999
    ],
    "131": [
        43.33104
    ],
    "132": [
        40.879799999999996
    ],
    "133": [
        42.20136
    ],
    "134": [
        45.0804
    ],
    "135": [
        41.67707999999999
    ],
    "136": [
        40.24307999999999
    ],
    "137": [
        45.6348
    ],
    "138": [
        40.3422
    ],
    "139": [
        37.53156
    ],
    "140": [
        42.075480000000006
    ],
    "141": [
        39.06671999999999
    ],
    "142": [
        41.20608
    ],
    "143": [
        36.86832
    ],
    "144": [
        40.4616
    ],
    "145": [
        44.75411999999999
    ],
    "146": [
        38.7222
    ],
    "147": [
        41.795519999999996
    ],
    "148": [
        38.0436
    ],
    "149": [
        47.15952
    ],
    "150": [
        37.715999999999994
    ],
    "151": [
        39.36983999999999
    ],
    "152": [
        37.84728
    ],
    "153": [
        43.73832
    ],
    "154": [
        43.590959999999995
    ],
    "155": [
        41.666399999999996
    ],
    "156": [
        36.4764
    ],
    "157": [
        43.04544
    ],
    "158": [
        45.898559999999996
    ],
    "159": [
        36.162839999999996
    ],
    "160": [
        43.21212
    ],
    "161": [
        37.29432
    ],
    "162": [
        37.7922
    ],
    "163": [
        42.48984
    ],
    "164": [
        33.4266
    ],
    "165": [
        38.0874
    ],
    "166": [
        36.07092
    ],
    "167": [
        34.63272
    ],
    "168": [
        40.656839999999995
    ],
    "169": [
        41.86776
    ],
    "170": [
        40.43244
    ],