{
    "0": [
        10.015,
        7.409666666666665,
        12.268999999999998,
        8.591999999999999,
        9.383000000000001,
        6.210333333333333,
        7.7620000000000005,
        11.569,
        10.610000000000001,
        11.673666666666666,
        8.908,
        10.846333333333336,
        9.815666666666667,
        8.949666666666667,
        7.764999999999998,
        5.686333333333334,
        7.907,
        7.552666666666665,
        7.845666666666668,
        8.395,
        8.481,
        5.269333333333333,
        5.4193333333333324,
        5.558333333333332,
        5.188333333333333
    ],
    "1": [
        6.6345622119815655,
        5.959631336405529,
        6.5377880184331785,
        11.852350230414746,
        9.347004608294931,
        12.136036866359445,
        9.22700460829493,
        9.729677419354838,
        13.795023041474654,
        9.465345622119814,
        9.961105990783409,
        7.750230414746542,
        8.802857142857144,
        7.286543778801842,
        6.704792626728111,
        12.625990783410135,
        9.533917050691244,
        9.735760368663595,
        9.503778801843318,
        9.119170506912443,
        9.651428571428571,
        7.939354838709677,
        7.9233179723502305,
        7.639078341013825,
        7.792811059907835
    ],
    "2": [
        10.797545454545455,
        11.90781818181818,
        6.195818181818183,
        9.660818181818179,
        10.555909090909092,
        7.0227272727272725,
        8.840181818181819,
        9.369272727272728,
        10.923545454545454,
        11.49190909090909,
        10.196454545454547,
        10.295181818181817,
        11.402181818181816,
        11.475545454545456,
        9.902454545454544,
        17.58490909090909,
        16.665000000000003,
        10.266272727272726,
        10.97618181818182,
        10.776272727272726,
        10.095818181818181,
        10.758818181818182,
        14.144727272727275,
        10.821272727272726,
        9.966545454545454
    ],
    "3": [
        9.376764705882355,
        7.634411764705883,
        9.240294117647057,
        8.682058823529413,
        8.547941176470589,
        11.800588235294118,
        11.096764705882352,
        12.240000000000002,
        9.877647058823529,
        9.113235294117645,
        10.959117647058823,
        10.664411764705882,
        10.79558823529412,
        9.658823529411764,
        10.721470588235293,
        10.833235294117648,
        8.489411764705883,
        10.352941176470587,
        9.625882352941176,
        13.392352941176469,
        9.696176470588236,
        8.035294117647057,
        8.400882352941176,
        8.102941176470587,
        8.431470588235294
    ],
    "4": [
        7.88172972972973,
        9.005189189189187,
        8.230054054054055,
        7.463027027027029,
        10.77535135135135,
        8.512216216216215,
        16.99427027027027,
        11.354270270270272,
        12.163783783783783,
        9.841945945945945,
        9.672972972972973,
        8.781405405405403,
        8.461945945945946,
        8.855351351351352,
        9.935675675675675,
        7.242162162162162,
        8.05427027027027,
        7.924540540540542,
        11.535891891891891,
        8.04972972972973,
        11.017945945945945,
        4.914162162162163,
        5.060432432432433,
        8.617621621621621,
        6.791351351351351
    ],
    "5": [
        6.430883720930233,
        6.812372093023256,
        9.60920930232558,
        10.38920930232558,
        8.832279069767441,
        8.721767441860464,
        9.824372093023255,
        9.73060465116279,
        10.264186046511627,
        9.581023255813955,
        13.427999999999999,
        11.583627906976744,
        9.45906976744186,
        10.598511627906976,
        9.96753488372093,
        8.15972093023256,
        8.443255813953487,
        8.717581395348835,
        11.262976744186046,
        9.982046511627908,
        12.191720930232558,
        7.8156279069767445,
        6.264837209302325,
        8.777023255813953,
        7.759255813953487
    ],
    "6": [
        8.418631578947366,
        7.6800000000000015,
        10.771894736842107,
        9.286105263157895,
        9.158210526315791,
        9.065368421052632,
        11.285368421052633,
        9.62242105263158,
        11.189368421052635,
        11.250947368421052,
        10.118210526315792,
        8.27778947368421,
        8.879368421052632,
        8.358315789473684,
        8.14736842105263,
        9.193894736842104,
        8.65421052631579,
        9.228,
        8.626421052631576,
        7.37021052631579,
        8.511157894736842,
        9.874105263157892,
        8.886631578947366,
        8.85915789473684,
        9.16863157894737
    ],
    "7": [
        7.522826086956522,
        7.104782608695653,
        6.432717391304347,
        10.272717391304347,
        13.092391304347826,
        10.071847826086954,
        9.229891304347825,
        9.366195652173914,
        12.315978260869565,
        10.793478260869565,
        10.43836956521739,
        5.901847826086956,
        7.615108695652175,
        8.74108695652174,
        8.084347826086958,
        7.50358695652174,
        9.02641304347826,
        8.959239130434783,
        8.22521739130435,
        8.638695652173912,
        7.6623913043478264,
        5.014239130434782,
        5.496195652173912,
        4.731521739130435,
        4.709021739130434
    ],
    "8": [
        9.103934426229507,
        8.997704918032786,
        12.618688524590164,
        6.4767213114754085,
        10.115081967213115,
        9.01967213114754,
        12.747213114754098,
        10.770491803278688,
        13.370819672131146,
        9.18,
        13.103278688524592,
        4.955081967213115,
        7.552131147540983,
        8.138688524590163,
        9.985901639344265,
        9.882622950819671,
        7.790819672131148,
        8.49934426229508,
        8.191803278688525,
        7.669836065573772,
        4.9868852459016395,
        5.005245901639344,
        4.651147540983606,
        4.3842622950819665,
        5.0324590163934415
    ],
    "9": [
        10.754134615384615,
        6.073846153846152,
        8.360480769230769,
        11.18423076923077,
        12.346730769230769,
        9.077596153846155,
        9.393173076923075,
        9.644134615384614,
        8.985000000000001,
        11.644903846153845,
        13.069326923076925,
        9.301730769230767,
        10.563173076923077,
        8.226346153846153,
        8.14298076923077,
        10.63009615384615,
        7.620288461538463,
        11.13923076923077,
        8.668557692307692,
        7.309038461538462,
        7.898365384615384,
        7.412884615384614,
        7.532884615384615,
        6.330000000000001
    ]
}