{
    "0": [
        8.405666666666665
    ],
    "1": [
        6.372165898617512
    ],
    "2": [
        6.463090909090909
    ],
    "3": [
        8.433235294117647
    ],
    "4": [
        8.235891891891892
    ],
    "5": [
        7.379720930232558
    ],
    "6": [
        9.24757894736842
    ],
    "7": [
        6.341739130434782
    ],
    "8": [
        7.53639344262295
    ],
    "9": [
        7.547307692307692
    ],
    "10": [
        6.346031746031746
    ],
    "11": [
        6.808390243902439
    ],
    "12": [
        8.05979057591623
    ],
    "13": [
        8.382121212121213
    ],
    "14": [
        6.56735294117647
    ],
    "15": [
        8.9518085106383
    ],
    "16": [
        9.009405405405406
    ],
    "17": [
        7.781538461538462
    ],
    "18": [
        10.392964824120604
    ],
    "19": [
        11.804784688995216
    ],
    "20": [
        9.622883720930233
    ],
    "21": [
        10.384126984126985
    ],
    "22": [
        13.041847826086956
    ],
    "23": [
        12.848442211055275
    ],
    "24": [
        10.066261682242992
    ],
    "25": [
        12.625760869565216
    ],
    "26": [
        9.91709677419355
    ],
    "27": [
        6.438391959798995
    ],
    "28": [
        10.723756906077346
    ],
    "29": [
        8.14268656716418
    ],
    "30": [
        7.404608294930876
    ],
    "31": [
        7.224848484848485
    ],
    "32": [
        8.383152709359605
    ],
    "33": [
        9.455099999999998
    ],
    "34": [
        9.109014084507043
    ],
    "35": [
        6.810793650793651
    ],
    "36": [
        11.484648648648648
    ],
    "37": [
        10.18369230769231
    ],
    "38": [
        12.994647887323945
    ],
    "39": [
        9.535238095238096
    ],
    "40": [
        7.396774193548387
    ],
    "41": [
        10.081666666666665
    ],
    "42": [
        9.630550458715597
    ],
    "43": [
        6.965869565217391
    ],
    "44": [
        7.3905
    ],
    "45": [
        8.601361256544502
    ],
    "46": [
        12.012648648648646
    ],
    "47": [
        7.470160427807487
    ],
    "48": [
        7.928999999999999
    ],
    "49": [
        7.044
    ],
    "50": [
        11.410471698113207
    ],
    "51": [
        11.023410138248845
    ],
    "52": [
        8.98326923076923
    ],
    "53": [
        9.014048780487803
    ],
    "54": [
        8.408756756756754
    ],
    "55": [
        9.662487046632124
    ],
    "56": [
        9.111044776119403
    ],
    "57": [
        9.100923076923076
    ],
    "58": [
        6.0008372093023254
    ],
    "59": [
        9.799585492227981
    ],
    "60": [
        8.132331606217615
    ],
    "61": [
        10.358790697674417
    ],
    "62": [
        8.534545454545455
    ],
    "63": [
        7.667434554973822
    ],
    "64": [
        9.984130434782607
    ],
    "65": [
        7.080272727272727
    ],
    "66": [
        9.6711
    ],
    "67": [
        7.702295081967212
    ],
    "68": [
        8.712328767123289
    ],
    "69": [
        8.8165445026178
    ],
    "70": [
        12.763298969072164
    ],
    "71": [
        9.892146596858638
    ],
    "72": [
        8.477352941176468
    ],
    "73": [
        5.859504950495049
    ],
    "74": [
        9.075714285714286
    ],
    "75": [
        8.466934673366834
    ],
    "76": [
        8.52112676056338
    ],
    "77": [
        8.35655172413793
    ],
    "78": [
        7.440648648648648
    ],
    "79": [
        8.297733990147783
    ],
    "80": [
        9.68504587155963
    ],
    "81": [
        9.921639344262296
    ],
    "82": [
        6.934754098360655
    ],
    "83": [
        9.237575757575756
    ],
    "84": [
        8.013073170731708
    ],
    "85": [
        7.046886792452829
    ],
    "86": [
        8.3403
    ],
    "87": [
        8.439357798165137
    ],
    "88": [
        6.181470588235294
    ],
    "89": [
        6.743819095477386
    ],
    "90": [
        8.23391304347826
    ],
    "91": [
        15.037272727272729
    ],
    "92": [
        16.444590163934425
    ],
    "93": [
        10.175668202764975
    ],
    "94": [
        14.032121212121213
    ],
    "95": [
        14.03316831683168
    ],
    "96": [
        11.900699999999999
    ],
    "97": [
        14.387766990291265
    ],
    "98": [
        11.86135922330097
    ],
    "99": [
        14.555138121546964
    ],
    "100": [
        10.66531914893617
    ],
    "101": [
        11.639146919431278
    ],
    "102": [
        18.760666666666662
    ],
    "103": [
        12.341711229946526
    ],
    "104": [
        13.716000000000001
    ],
    "105": [
        13.401666666666666
    ],
    "106": [
        11.336504854368934
    ],
    "107": [
        10.191804878048778
    ],
    "108": [
        11.091627906976743
    ],
    "109": [
        13.458064516129033
    ],
    "110": [
        15.296333333333333
    ],
    "111": [
        12.8193
    ],
    "112": [
        10.625833333333333
    ],
    "113": [
        12.395115207373273
    ],
    "114": [
        14.860736842105263
    ],
    "115": [
        12.05060606060606
    ],
    "116": [
        12.55054945054945
    ],
    "117": [
        14.235
    ],
    "118": [
        10.087
    ],
    "119": [
        14.584615384615384
    ],
    "120": [
        11.21972602739726
    ],
    "121": [
        13.137362637362637
    ],
    "122": [
        13.659902912621359
    ],
    "123": [
        13.378681318681322
    ],
    "124": [
        15.049484536082472
    ],
    "125": [
        14.223157894736843
    ],
    "126": [
        12.62889908256881
    ],
    "127": [
        14.95968253968254
    ],
    "128": [
        13.504848484848484
    ],
    "129": [
        12.682464454976303
    ],
    "130": [
        15.586536585365852
    ],
    "131": [
        14.558000000000002
    ],
    "132": [
        11.038309859154928
    ],
    "133": [
        15.690985915492956
    ],
    "134": [
        11.329116279069767
    ],
    "135": [
        12.146729857819906
    ],
    "136": [
        13.397061611374406
    ],
    "137": [
        14.483142857142855
    ],
    "138": [
        13.572324324324322
    ],
    "139": [
        14.04782608695652
    ],
    "140": [
        12.288818181818177
    ],
    "141": [
        12.573951219512196
    ],
    "142": [
        14.331343283582088
    ],
    "143": [
        18.137010309278352
    ],
    "144": [
        12.437534246575343
    ],
    "145": [
        14.13705069124424
    ],
    "146": [
        11.042898550724637
    ],
    "147": [
        12.865247524752476
    ],
    "148": [
        12.275276381909546
    ],
    "149": [
        15.510288461538458
    ],
    "150": [
        15.737777777777776
    ],
    "151": [
        15.462352941176473
    ],
    "152": [
        12.892211538461538
    ],
    "153": [
        13.170995260663508
    ],
    "154": [
        18.844444444444445
    ],
    "155": [
        14.266108374384235
    ],
    "156": [
        12.445312499999998
    ],
    "157": [
        13.542545454545454
    ],
    "158": [
        15.021244019138756
    ],
    "159": [
        14.983979057591624
    ],
    "160": [
        12.411272727272724
    ],
    "161": [
        13.873298969072165
    ],
    "162": [
        14.425759162303663
    ],
    "163": [
        13.450140845070424
    ],
    "164": [
        13.875164835164833
    ],
    "165": [
        14.618333333333332
    ],
    "166": [
        13.270054054054052
    ],
    "167": [
        14.245856353591162
    ],
    "168": [
        14.240895522388058
    ],
    "169": [
        17.43655813953488
    ],
    "170": [
        14.805728155339807
    ],
    "171": [
        12.55752475247525
    ],
    "172": [
        13.548349514563103
    ],
    "173": [
        15.991520737327184
    ],
    "174": [
        12.938709677419354
    ],
    "175": [
        15.011700000000001
    ],