{
    "0": [
        14.120519999999997,
        17.190000000000005
    ],
    "1": [
        15.079199999999997,
        18.357599999999998
    ],
    "2": [
        19.82148,
        14.64132
    ],
    "3": [
        12.44964,
        14.61372
    ],
    "4": [
        16.068359999999995,
        12.479879999999998
    ],
    "5": [
        17.016959999999997,
        13.451160000000002
    ],
    "6": [
        12.032399999999997,
        13.726199999999999
    ],
    "7": [
        11.805600000000002,
        12.56988
    ],
    "8": [
        15.722999999999999,
        12.847079999999998
    ],
    "9": [
        19.515959999999996,
        14.305799999999998
    ],
    "10": [
        13.11672,
        13.57536
    ],
    "11": [
        19.289279999999998,
        13.333440000000001
    ],
    "12": [
        15.046199999999999,
        13.743839999999999
    ],
    "13": [
        15.3216,
        12.97044
    ],
    "14": [
        15.827879999999999,
        13.582680000000003
    ],
    "15": [
        13.45092,
        11.928119999999998
    ],
    "16": [
        17.35356,
        13.7556
    ],
    "17": [
        17.90352,
        15.952200000000001
    ],
    "18": [
        18.31992,
        24.931079999999994
    ],
    "19": [
        12.486479999999998,
        21.85176
    ],
    "20": [
        17.141280000000005,
        17.95644
    ],
    "21": [
        12.75948,
        12.852479999999998
    ],
    "22": [
        17.3754,
        13.48908
    ],
    "23": [
        15.7266,
        13.766399999999997
    ],
    "24": [
        14.720759999999999,
        12.6978
    ],
    "25": [
        19.16412,
        13.871759999999998
    ],
    "26": [
        12.99048,
        25.8864
    ],
    "27": [
        14.34084,
        23.455559999999995
    ],
    "28": [
        14.836680000000001,
        14.22456
    ],
    "29": [
        15.735359999999998,
        18.072960000000002
    ],
    "30": [
        13.70004,
        13.980120000000001
    ],
    "31": [
        15.72144,
        12.776759999999998
    ],
    "32": [
        19.846680000000003,
        15.870959999999997
    ],
    "33": [
        14.470799999999999,
        14.832839999999997
    ],
    "34": [
        16.5408,
        14.564399999999996
    ],
    "35": [
        18.198960000000003,
        12.60648
    ],
    "36": [
        12.70668,
        16.2426
    ],
    "37": [
        14.58372,
        22.20432
    ],
    "38": [
        14.2722,
        23.387760000000004
    ],
    "39": [
        15.95244,
        13.459799999999998
    ],
    "40": [
        14.812319999999998,
        12.61608
    ],
    "41": [
        15.071279999999998,
        20.85324
    ],
    "42": [
        15.419639999999998,
        13.917240000000001
    ],
    "43": [
        16.44384,
        11.79048
    ],
    "44": [
        13.608360000000001,
        12.922560000000002
    ],
    "45": [
        13.88016,
        19.742880000000003
    ],
    "46": [
        15.35244,
        13.401
    ],
    "47": [
        11.932920000000001,
        12.663240000000002
    ],
    "48": [
        11.90004,
        17.99844
    ],
    "49": [
        13.886519999999997
    ],
    "50": [
        13.9914
    ],
    "51": [
        14.699160000000001
    ],
    "52": [
        16.29432
    ],
    "53": [
        16.64436
    ],
    "54": [
        14.83548
    ],
    "55": [
        15.23964
    ],
    "56": [
        11.236800000000002
    ],
    "57": [
        14.483160000000002
    ],
    "58": [
        15.588119999999996
    ],
    "59": [
        13.9056
    ],
    "60": [
        12.66576
    ],
    "61": [
        16.907639999999997
    ],
    "62": [
        13.987919999999999
    ],
    "63": [
        14.399999999999999
    ],
    "64": [
        13.330079999999997
    ],
    "65": [
        17.38608
    ],
    "66": [
        19.101479999999995
    ],
    "67": [
        15.161159999999999
    ],
    "68": [
        16.085639999999998
    ],
    "69": [
        15.18564
    ],
    "70": [
        14.67756
    ],
    "71": [
        15.183959999999999
    ],
    "72": [
        17.01588
    ],
    "73": [
        12.879000000000001
    ],
    "74": [
        15.65616
    ],
    "75": [
        16.3326
    ],
    "76": [
        14.71248
    ],
    "77": [
        14.499719999999996
    ],
    "78": [
        16.3512
    ],
    "79": [
        14.219039999999998
    ],
    "80": [
        16.053240000000002
    ],
    "81": [
        19.550040000000003
    ],
    "82": [
        13.15788
    ],
    "83": [
        14.166359999999997
    ],
    "84": [
        12.89844
    ],
    "85": [
        15.67992
    ],
    "86": [
        15.614519999999995
    ],
    "87": [
        14.5374
    ],
    "88": [
        12.23604
    ],
    "89": [
        14.174399999999999
    ],
    "90": [
        13.725719999999999
    ],
    "91": [
        12.68196
    ],
    "92": [
        15.614279999999999
    ],
    "93": [
        15.34416
    ],
    "94": [
        15.911999999999999
    ],
    "95": [
        15.808679999999999
    ],
    "96": [
        14.011199999999999
    ],
    "97": [
        13.541519999999998
    ],
    "98": [
        13.529399999999999
    ],
    "99": [
        14.31384
    ],
    "100": [
        15.039359999999999
    ],
    "101": [
        17.08308
    ],
    "102": [
        13.491000000000003
    ],
    "103": [
        13.78056
    ],
    "104": [
        14.25348
    ],
    "105": [
        11.51448
    ],
    "106": [
        14.185799999999999
    ],
    "107": [
        14.236440000000004
    ],
    "108": [
        16.13364
    ],
    "109": [
        14.7426
    ],
    "110": [
        15.9708
    ],
    "111": [
        14.08152
    ],
    "112": [
        15.693959999999997
    ],
    "113": [
        14.715480000000001
    ],
    "114": [
        15.05796
    ],
    "115": [
        15.771
    ],
    "116": [
        13.156560000000002
    ],
    "117": [
        15.931439999999997
    ],
    "118": [
        12.78936
    ],
    "119": [
        14.716079999999998
    ],
    "120": [
        14.425799999999999
    ],
    "121": [
        14.74152
    ],
    "122": [
        14.23872
    ],
    "123": [
        13.472759999999997
    ],
    "124": [
        15.88272
    ],
    "125": [
        16.32024
    ],
    "126": [
        15.213119999999996
    ],
    "127": [
        15.31356
    ],
    "128": [
        13.431840000000003
    ],
    "129": [
        15.479399999999998
    ],
    "130": [
        19.70376
    ],
    "131": [
        16.61076
    ],
    "132": [
        14.8632
    ],
    "133": [
        16.28616
    ],
    "134": [
        15.791400000000001
    ],
    "135": [
        13.581479999999997
    ],
    "136": [
        16.090919999999997
    ],
    "137": [
        16.52616
    ],
    "138": [
        15.0492
    ],
    "139": [
        13.089120000000001
    ],
    "140": [
        17.4864
    ],
    "141": [
        16.1358
    ],
    "142": [
        17.13312
    ],
    "143": [
        13.42848
    ],
    "144": [
        14.245199999999999
    ],
    "145": [
        18.98796
    ],
    "146": [
        17.32176
    ],
    "147": [
        14.741040000000002
    ],
    "148": [
        13.58616
    ],
    "149": [
        19.43232
    ],
    "150": [
        13.90308
    ],
    "151": [
        16.00416
    ],
    "152": [
        15.60792
    ],
    "153": [
        15.17256
    ],
    "154": [
        17.36808
    ],
    "155": [
        14.30052
    ],
    "156": [
        13.90848
    ],
    "157": [
        16.17384
    ],
    "158": [
        17.427239999999998
    ],
    "159": [
        13.595399999999998
    ],
    "160": [
        14.565599999999998
    ],
    "161": [
        14.21112
    ],
    "162": [
        16.266479999999998
    ],
    "163": [
        14.484359999999995
    ],
    "164": [
        13.751999999999999
    ],
    "165": [
        14.971319999999999
    ],