{
    "0": [
        16.059959999999997
    ],
    "1": [
        13.084439999999997
    ],
    "2": [
        12.524040000000001
    ],
    "3": [
        11.8212
    ],
    "4": [
        14.15532
    ],
    "5": [
        11.70336
    ],
    "6": [
        24.318119999999997
    ],
    "7": [
        29.59872
    ],
    "8": [
        20.73636
    ],
    "9": [
        26.1708
    ],
    "10": [
        20.79336
    ],
    "11": [
        29.50956
    ],
    "12": [
        21.08988
    ],
    "13": [
        22.332720000000002
    ],
    "14": [
        26.576520000000002
    ],
    "15": [
        21.9546
    ],
    "16": [
        22.434120000000004
    ],
    "17": [
        21.79884
    ],
    "18": [
        32.88924
    ],
    "19": [
        27.27156
    ],
    "20": [
        34.7004
    ],
    "21": [
        23.15676
    ],
    "22": [
        22.0452
    ],
    "23": [
        30.557519999999997
    ],
    "24": [
        23.48628
    ],
    "25": [
        23.173799999999993
    ],
    "26": [
        25.06536
    ],
    "27": [
        23.361599999999996
    ],
    "28": [
        29.279160000000005
    ],
    "29": [
        27.849480000000003
    ],
    "30": [
        25.22532
    ],
    "31": [
        25.350960000000004
    ],
    "32": [
        24.24888
    ],
    "33": [
        25.3944
    ],
    "34": [
        31.445520000000002
    ],
    "35": [
        24.853559999999998
    ],
    "36": [
        23.884439999999998
    ],
    "37": [
        32.78136000000001
    ],
    "38": [
        24.600839999999998
    ],
    "39": [
        21.131639999999997
    ],
    "40": [
        21.7518
    ],
    "41": [
        32.38728
    ],
    "42": [
        25.43772
    ],
    "43": [
        25.583999999999996
    ],
    "44": [
        26.574240000000003
    ],
    "45": [
        24.209880000000002
    ],
    "46": [
        22.51944
    ],
    "47": [
        20.618160000000003
    ],
    "48": [
        23.0874
    ],
    "49": [
        22.6218
    ],
    "50": [
        24.319439999999997
    ],
    "51": [
        28.10676
    ],
    "52": [
        29.4408
    ],
    "53": [
        28.326599999999996
    ],
    "54": [
        21.686640000000004
    ],
    "55": [
        25.30296
    ],
    "56": [
        20.085
    ],
    "57": [
        25.034640000000003
    ],
    "58": [
        31.062719999999995
    ],
    "59": [
        26.37156
    ],
    "60": [
        22.582440000000005
    ],
    "61": [
        27.27792
    ],
    "62": [
        29.543519999999994
    ],
    "63": [
        26.727599999999995
    ],
    "64": [
        25.152720000000006
    ],
    "65": [
        27.119279999999996
    ],
    "66": [
        31.966920000000005
    ],
    "67": [
        24.51576
    ],
    "68": [
        32.31036
    ],
    "69": [
        27.550800000000002
    ],
    "70": [
        32.1288
    ],
    "71": [
        23.64732
    ],
    "72": [
        27.185999999999996
    ],
    "73": [
        21.758519999999997
    ],
    "74": [
        25.150680000000005
    ],
    "75": [
        28.09344
    ],
    "76": [
        21.546719999999997
    ],
    "77": [
        24.366719999999997
    ],
    "78": [
        29.850000000000005
    ],
    "79": [
        30.906480000000002
    ],
    "80": [
        36.71208
    ],
    "81": [
        25.506119999999996
    ],
    "82": [
        22.29516
    ],
    "83": [
        20.677319999999998
    ],
    "84": [
        37.9308
    ],
    "85": [
        22.363920000000004
    ],
    "86": [
        25.179479999999998
    ],
    "87": [
        31.00584
    ],
    "88": [
        30.435599999999997
    ],
    "89": [
        24.781679999999998
    ],
    "90": [
        28.0104
    ],
    "91": [
        21.63924
    ],
    "92": [
        26.664360000000002
    ],
    "93": [
        33.02616
    ],
    "94": [
        23.196599999999997
    ],
    "95": [
        30.597599999999996
    ],
    "96": [
        25.91904
    ],
    "97": [
        25.72308
    ],
    "98": [
        22.651199999999996
    ],
    "99": [
        22.211399999999998
    ],
    "100": [
        25.688879999999997
    ],
    "101": [
        29.2902
    ],
    "102": [
        27.31284
    ],
    "103": [
        22.457639999999994
    ],
    "104": [
        27.87936
    ],
    "105": [
        21.3486
    ],
    "106": [
        29.663520000000002
    ],
    "107": [
        22.261200000000002
    ],
    "108": [
        23.429280000000002
    ],
    "109": [
        24.504119999999997
    ],
    "110": [
        24.86172
    ],
    "111": [
        26.090760000000003
    ],
    "112": [
        32.03904
    ],
    "113": [
        26.961
    ],
    "114": [
        26.531640000000003
    ],
    "115": [
        26.43876
    ],
    "116": [
        20.42004
    ]
}