{
    "0": [
        8.266333333333332,
        6.318333333333334,
        12.043000000000001,
        10.103666666666667,
        16.918333333333333
    ],
    "1": [
        6.0287557603686635,
        9.119170506912441,
        11.16027649769585,
        10.540645161290321,
        7.96258064516129
    ],
    "2": [
        7.766727272727271,
        6.370363636363637,
        12.535636363636364,
        11.174181818181818,
        8.177727272727271
    ],
    "3": [
        8.856176470588235,
        5.747941176470588,
        10.017058823529412,
        8.243823529411765,
        7.308529411764706
    ],
    "4": [
        6.804324324324323,
        7.99427027027027,
        10.638486486486489,
        10.798054054054052,
        10.48508108108108
    ],
    "5": [
        10.40260465116279,
        7.748093023255814,
        9.686511627906977,
        8.13767441860465,
        6.946046511627907
    ],
    "6": [
        9.581052631578947,
        6.924947368421052,
        7.273578947368421,
        7.953157894736844,
        9.118105263157894
    ],
    "7": [
        8.708478260869565,
        8.069021739130434,
        10.957499999999998,
        8.307717391304347,
        10.889021739130435
    ],
    "8": [
        8.15967213114754,
        7.832459016393443,
        9.742295081967214,
        9.378360655737705,
        12.35967213114754
    ],
    "9": [
        8.62673076923077,
        4.715192307692308,
        7.051153846153845,
        7.61596153846154,
        9.97326923076923
    ],
    "10": [
        6.102539682539683,
        6.9904761904761905,
        9.378730158730159,
        8.080000000000002,
        12.25079365079365
    ],
    "11": [
        8.554243902439024,
        7.860878048780487,
        8.259804878048783,
        7.64839024390244,
        7.597170731707317
    ],
    "12": [
        7.655811518324608,
        4.561884816753928,
        9.4730890052356,
        8.087120418848167,
        9.691099476439788
    ],
    "13": [
        6.862727272727272,
        6.20121212121212,
        7.901515151515151,
        8.5,
        10.27909090909091
    ],
    "14": [
        6.204117647058823,
        7.193235294117648,
        10.28470588235294,
        6.708529411764705,
        10.240294117647059
    ],
    "15": [
        6.908936170212765,
        5.816170212765957,
        8.685638297872341,
        9.106276595744681,
        9.579574468085106
    ],
    "16": [
        8.140864864864865,
        8.52227027027027,
        11.514162162162162,
        9.310702702702702,
        8.379243243243243
    ],
    "17": [
        6.55076923076923,
        8.461846153846153,
        10.700615384615386,
        8.68676923076923,
        11.161846153846156
    ],
    "18": [
        6.523417085427138,
        8.482010050251256,
        10.584120603015075,
        10.681507537688441,
        8.058994974874373
    ],
    "19": [
        8.898373205741626,
        6.851196172248805,
        9.728612440191387,
        8.697990430622008,
        7.8396172248803815
    ],
    "20": [
        5.699162790697674,
        7.171813953488373,
        7.518418604651162,
        7.817302325581394,
        6.512651162790697
    ],
    "21": [
        6.29047619047619,
        8.625396825396825,
        8.433015873015872,
        8.284126984126985,
        11.632380952380952
    ],
    "22": [
        9.31695652173913,
        12.362934782608695,
        11.657934782608695,
        8.854891304347825,
        9.465978260869566
    ],
    "23": [
        6.612060301507538,
        11.579698492462313,
        8.414773869346734,
        7.4876381909547725,
        9.14110552763819
    ],
    "24": [
        7.617196261682242,
        9.951308411214955,
        8.533457943925233,
        7.671869158878504,
        11.02373831775701
    ],
    "25": [
        7.694021739130434,
        14.41369565217391,
        15.79695652173913,
        8.839239130434784,
        9.285978260869564
    ],
    "26": [
        7.218064516129032,
        12.84548387096774,
        9.193225806451613,
        6.9799999999999995,
        14.407419354838707
    ],
    "27": [
        7.069145728643216,
        9.906934673366836,
        8.795577889447236,
        10.359497487437185,
        13.230452261306533
    ],
    "28": [
        9.154143646408839,
        10.870607734806631,
        10.415138121546962,
        9.502541436464089,
        9.205524861878452
    ],
    "29": [
        7.08089552238806,
        12.209253731343283,
        12.01044776119403,
        7.657611940298508,
        8.157014925373133
    ],
    "30": [
        6.0848847926267275,
        15.012442396313364,
        7.782857142857141,
        7.397695852534562,
        7.551428571428572
    ],
    "31": [
        7.917272727272727,
        8.846666666666668,
        8.104848484848485,
        7.246363636363636,
        11.757575757575758
    ],
    "32": [
        8.195172413793102,
        11.94738916256158,
        10.12729064039409,
        9.421773399014777,
        7.799408866995073
    ],
    "33": [
        8.554499999999999,
        10.788900000000002,
        11.7726,
        7.914000000000001,
        8.4801
    ],
    "34": [
        8.455774647887324,
        10.079999999999998,
        7.785352112676055,
        8.570704225352113,
        7.759999999999999
    ],
    "35": [
        7.423809523809524,
        15.662539682539682,
        9.116507936507936,
        11.463174603174604,
        14.003492063492061
    ],
    "36": [
        6.162486486486486,
        9.57989189189189,
        7.529837837837838,
        9.717405405405405,
        11.809945945945948
    ],
    "37": [
        7.1353846153846145,
        12.173538461538461,
        8.15230769230769,
        8.576615384615385,
        8.239076923076924
    ],
    "38": [
        7.614929577464789,
        9.3256338028169,
        6.41943661971831,
        7.746760563380281,
        8.15774647887324
    ],
    "39": [
        6.447619047619047,
        12.73079365079365,
        6.643492063492063,
        10.591428571428569,
        11.260000000000002
    ],
    "40": [
        6.599677419354839,
        11.371612903225806,
        7.493548387096775,
        9.555806451612902,
        13.268064516129032
    ],
    "41": [
        6.768000000000001,
        9.017666666666667,
        6.808999999999999,
        10.434666666666667,
        11.732333333333333
    ],
    "42": [
        7.295504587155962,
        11.305045871559633,
        6.6291743119266044,
        5.526605504587156,
        8.948532110091744
    ],
    "43": [
        7.68391304347826,
        12.614347826086952,
        8.958586956521739,
        10.019673913043478,
        12.26086956521739
    ],
    "44": [
        8.103,
        10.913099999999998,
        7.4082,
        13.021500000000001,
        12.459600000000002
    ],
    "45": [
        6.773089005235601,
        10.089738219895288,
        9.017905759162304,
        15.094869109947645,
        14.882513089005235
    ],
    "46": [
        8.624756756756756,
        14.82454054054054,
        8.081837837837838,
        9.138162162162162,
        14.848216216216215
    ],
    "47": [
        7.761176470588235,
        11.69807486631016,
        9.204385026737967,
        11.023636363636363,
        11.956363636363639
    ],
    "48": [
        8.324,
        10.781333333333334,
        7.928333333333335,
        15.592,
        11.622666666666667
    ],
    "49": [
        8.59090909090909,
        15.470181818181818,
        10.737545454545453,
        9.263727272727271
    ]
}