{
    "0": [
        8.080333333333332,
        12.487333333333334,
        14.460666666666667
    ],
    "1": [
        6.833917050691243,
        12.97935483870968,
        11.137880184331797
    ],
    "2": [
        7.264636363636364,
        10.539272727272726,
        14.860363636363635
    ],
    "3": [
        8.471764705882352,
        13.733529411764703,
        11.383529411764703
    ],
    "4": [
        7.586270270270271,
        14.083783783783783,
        15.273405405405404
    ],
    "5": [
        9.3753488372093,
        8.238976744186045,
        15.789488372093025
    ],
    "6": [
        8.79063157894737,
        18.900631578947365,
        13.053473684210527
    ],
    "7": [
        8.734891304347826,
        10.844999999999999,
        15.718695652173913
    ],
    "8": [
        8.709508196721313,
        13.0072131147541,
        13.964918032786883
    ],
    "9": [
        6.515192307692308,
        13.903557692307691,
        17.40576923076923
    ],
    "10": [
        6.726031746031747,
        13.111111111111114,
        12.076825396825397
    ],
    "11": [
        7.534243902439025,
        6.569560975609756,
        12.783804878048779
    ],
    "12": [
        8.062303664921465,
        13.856544502617798,
        16.107015706806283
    ],
    "13": [
        10.115757575757575,
        14.575757575757578,
        15.906363636363638
    ],
    "14": [
        8.484411764705882,
        15.511470588235294,
        13.349999999999998
    ],
    "15": [
        9.865531914893618,
        11.911914893617022,
        14.62627659574468
    ],
    "16": [
        9.91945945945946,
        14.774270270270273,
        12.935027027027028
    ],
    "17": [
        9.242769230769229,
        13.956000000000001,
        14.102461538461538
    ],
    "18": [
        10.31396984924623,
        12.935879396984925,
        12.947638190954773
    ],
    "19": [
        9.28822966507177,
        12.162775119617223,
        11.958660287081338
    ],
    "20": [
        7.157860465116279,
        15.56372093023256,
        12.001395348837212
    ],
    "21": [
        7.987301587301588,
        13.416190476190476,
        15.073015873015875
    ],
    "22": [
        10.736739130434781,
        16.591956521739128,
        12.625760869565218
    ],
    "23": [
        8.414773869346734,
        18.06693467336683,
        13.021206030150756
    ],
    "24": [
        7.684485981308411,
        11.199532710280373,
        12.2607476635514
    ],
    "25": [
        12.45717391304348,
        14.59141304347826,
        14.847717391304347
    ],
    "26": [
        7.821935483870968,
        15.777096774193549,
        12.939354838709678
    ],
    "27": [
        7.8443216080402,
        10.419195979899497,
        13.20753768844221
    ],
    "28": [
        9.980883977900552,
        13.299116022099449,
        16.318342541436465
    ],
    "29": [
        10.54686567164179,
        15.75402985074627,
        12.153731343283582
    ],
    "30": [
        9.757050691244238,
        13.40405529953917,
        14.416036866359446
    ],
    "31": [
        10.114545454545453,
        14.30121212121212,
        16.557575757575755
    ],
    "32": [
        11.32137931034483,
        13.135862068965517,
        14.830049261083744
    ],
    "33": [
        13.122899999999996,
        13.2693,
        14.335199999999999
    ],
    "34": [
        9.081408450704226,
        14.934084507042252,
        12.526760563380282
    ],
    "35": [
        12.318095238095239,
        14.762857142857145,
        13.258095238095237
    ],
    "36": [
        9.460864864864865,
        12.632108108108106,
        14.343567567567566
    ],
    "37": [
        7.925230769230769,
        15.936307692307693,
        14.702153846153847
    ],
    "38": [
        7.775211267605636,
        14.37774647887324,
        12.846478873239436
    ],
    "39": [
        12.227301587301586,
        15.222857142857142,
        14.487301587301587
    ],
    "40": [
        10.12032258064516,
        11.497741935483873,
        13.380645161290321
    ],
    "41": [
        10.970999999999998,
        12.690333333333335,
        12.99
    ],
    "42": [
        5.749816513761468,
        16.531100917431193,
        13.494220183486236
    ],
    "43": [
        10.476847826086956,
        15.888260869565217,
        13.832608695652175
    ],
    "44": [
        10.878900000000002,
        12.3624,
        12.4986
    ],
    "45": [
        9.583350785340315,
        12.176230366492145,
        13.167643979057592
    ],
    "46": [
        12.138810810810812,
        19.46043243243243,
        14.085405405405401
    ],
    "47": [
        11.702566844919788,
        13.71368983957219,
        12.581390374331551
    ],
    "48": [
        11.673333333333332,
        11.832,
        13.621333333333334
    ],
    "49": [
        6.752727272727273,
        13.394727272727271
    ],
    "50": [
        12.543113207547169,
        12.634811320754714
    ],
    "51": [
        9.277327188940092,
        12.024608294930875
    ],
    "52": [
        11.526057692307692,
        13.50980769230769
    ],
    "53": [
        8.83960975609756,
        13.617658536585365
    ],
    "54": [
        12.492648648648645,
        14.415243243243244
    ],
    "55": [
        12.934196891191705,
        14.275958549222796
    ],
    "56": [
        6.638507462686567,
        12.154925373134327
    ],
    "57": [
        10.491384615384614,
        12.512923076923077
    ],
    "58": [
        8.814697674418603,
        11.719255813953488
    ],
    "59": [
        7.45119170984456,
        12.198031088082901
    ],
    "60": [
        8.614507772020724,
        11.588082901554406
    ],
    "61": [
        13.488837209302325,
        15.800651162790697
    ],
    "62": [
        10.855151515151514,
        11.994242424242422
    ],
    "63": [
        11.449319371727746,
        13.843979057591621
    ],
    "64": [
        14.397717391304347,
        13.520217391304344
    ],
    "65": [
        9.304363636363636,
        15.064909090909088
    ],
    "66": [
        11.3787,
        13.1916
    ],
    "67": [
        11.148524590163934,
        15.23606557377049
    ],
    "68": [
        9.890684931506847,
        13.548219178082192
    ],
    "69": [
        12.584607329842932,
        14.605445026178007
    ],
    "70": [
        10.804329896907214,
        12.056597938144328
    ],
    "71": [
        13.402617801047118,
        13.022513089005233
    ],
    "72": [
        8.09529411764706,
        11.991176470588236
    ],
    "73": [
        10.643762376237625,
        13.161089108910888
    ],
    "74": [
        13.088285714285712,
        14.769714285714285
    ],
    "75": [
        10.58502512562814,
        14.190150753768842
    ],
    "76": [
        11.339154929577461,
        14.103661971830988
    ],
    "77": [
        18.72886699507389,
        15.253891625615765
    ],
    "78": [
        10.73027027027027,
        11.996432432432435
    ],
    "79": [
        12.445714285714285,
        13.672315270935957
    ],
    "80": [
        8.291834862385322,
        14.928440366972476
    ],
    "81": [
        12.2127868852459,
        13.049180327868852
    ],
    "82": [
        10.531803278688523,
        13.69704918032787
    ],
    "83": [
        12.274848484848485,
        13.785151515151513
    ],
    "84": [
        9.98370731707317,
        15.036878048780485
    ],
    "85": [
        14.93377358490566,
        16.89990566037736
    ],
    "86": [
        11.2071,
        15.6588
    ],
    "87": [
        12.871376146788991,
        13.523944954128437
    ],
    "88": [
        12.448235294117646,
        12.768823529411765
    ],
    "89": [
        7.906432160804019,
        18.98653266331658
    ],
    "90": [
        9.539420289855073,
        12.812753623188406
    ],
    "91": [
        14.124242424242425,
        13.098181818181816
    ],